USE etracs255_bohol
; 

INSERT INTO `af` (`objid`, `title`, `usetype`, `serieslength`, `system`, `denomination`, `formtype`, `baseunit`, `defaultunit`) VALUES ('0016', 'COMMUNITY TAX CERTIFICATE (INDIVIDUAL)', 'collection', '8', '1', '0.00', 'serial', NULL, NULL);
INSERT INTO `af` (`objid`, `title`, `usetype`, `serieslength`, `system`, `denomination`, `formtype`, `baseunit`, `defaultunit`) VALUES ('51', 'ACCOUNTABLE FORM #51', 'collection', '7', '1', '0.00', 'serial', NULL, NULL);
INSERT INTO `af` (`objid`, `title`, `usetype`, `serieslength`, `system`, `denomination`, `formtype`, `baseunit`, `defaultunit`) VALUES ('52', 'LARGE CATTLE TRANSFER', 'collection', '7', '1', '0.00', 'serial', NULL, NULL);
INSERT INTO `af` (`objid`, `title`, `usetype`, `serieslength`, `system`, `denomination`, `formtype`, `baseunit`, `defaultunit`) VALUES ('53', 'LARGE CATTLE OWNERSHIP', 'collection', '7', '1', '0.00', 'serial', NULL, NULL);
INSERT INTO `af` (`objid`, `title`, `usetype`, `serieslength`, `system`, `denomination`, `formtype`, `baseunit`, `defaultunit`) VALUES ('54', 'MARRIAGE LICENSE FEE', 'collection', '7', '1', '0.00', 'serial', NULL, NULL);
INSERT INTO `af` (`objid`, `title`, `usetype`, `serieslength`, `system`, `denomination`, `formtype`, `baseunit`, `defaultunit`) VALUES ('56', 'REAL PROPERTY TAX RECEIPT', 'collection', '7', '1', '0.00', 'serial', NULL, NULL);
INSERT INTO `af` (`objid`, `title`, `usetype`, `serieslength`, `system`, `denomination`, `formtype`, `baseunit`, `defaultunit`) VALUES ('57', 'SLAUGHTER PERMIT', 'collection', '7', '1', '0.00', 'serial', NULL, NULL);
INSERT INTO `af` (`objid`, `title`, `usetype`, `serieslength`, `system`, `denomination`, `formtype`, `baseunit`, `defaultunit`) VALUES ('58', 'BURIAL PERMIT FEE', 'collection', '7', '1', '0.00', 'serial', NULL, NULL);
INSERT INTO `af` (`objid`, `title`, `usetype`, `serieslength`, `system`, `denomination`, `formtype`, `baseunit`, `defaultunit`) VALUES ('907', 'COMMUNITY TAX(CORPORATE)', 'collection', '8', '1', '0.00', 'serial', NULL, NULL);
INSERT INTO `af` (`objid`, `title`, `usetype`, `serieslength`, `system`, `denomination`, `formtype`, `baseunit`, `defaultunit`) VALUES ('CT1', 'CASH TICKETS P1.00', 'collection', '0', '1', '1.00', 'cashticket', NULL, NULL);
INSERT INTO `af` (`objid`, `title`, `usetype`, `serieslength`, `system`, `denomination`, `formtype`, `baseunit`, `defaultunit`) VALUES ('CT10', 'CASH TICKET P10.00', 'collection', '0', '1', '10.00', 'cashticket', NULL, NULL);
INSERT INTO `af` (`objid`, `title`, `usetype`, `serieslength`, `system`, `denomination`, `formtype`, `baseunit`, `defaultunit`) VALUES ('CT2', 'CASH TICKETS P2.00', 'collection', '0', '1', '2.00', 'cashticket', NULL, NULL);
INSERT INTO `af` (`objid`, `title`, `usetype`, `serieslength`, `system`, `denomination`, `formtype`, `baseunit`, `defaultunit`) VALUES ('CT5', 'CASH TICKETS P 5.00', 'collection', '0', '1', '5.00', 'cashticket', NULL, NULL);

INSERT INTO `aftxn_type` (`txntype`, `formtype`, `poststate`, `sortorder`) VALUES ('BEGIN', 'BEGIN_BALANCE', 'OPEN', '1');
INSERT INTO `aftxn_type` (`txntype`, `formtype`, `poststate`, `sortorder`) VALUES ('COLLECTION', 'ISSUE', 'ISSUED', '3');
INSERT INTO `aftxn_type` (`txntype`, `formtype`, `poststate`, `sortorder`) VALUES ('FORWARD', 'FORWARD', 'ISSUED', '2');
INSERT INTO `aftxn_type` (`txntype`, `formtype`, `poststate`, `sortorder`) VALUES ('PURCHASE', 'PURCHASE_RECEIPT', 'OPEN', '0');
INSERT INTO `aftxn_type` (`txntype`, `formtype`, `poststate`, `sortorder`) VALUES ('RETURN_COLLECTION', 'RETURN', 'OPEN', '7');
INSERT INTO `aftxn_type` (`txntype`, `formtype`, `poststate`, `sortorder`) VALUES ('RETURN_SALE', 'RETURN', 'OPEN', '8');
INSERT INTO `aftxn_type` (`txntype`, `formtype`, `poststate`, `sortorder`) VALUES ('SALE', 'ISSUE', 'SOLD', '4');
INSERT INTO `aftxn_type` (`txntype`, `formtype`, `poststate`, `sortorder`) VALUES ('TRANSFER_COLLECTION', 'TRANSFER', 'ISSUED', '5');
INSERT INTO `aftxn_type` (`txntype`, `formtype`, `poststate`, `sortorder`) VALUES ('TRANSFER_SALE', 'TRANSFER', 'ISSUED', '6');

INSERT INTO `entity_relation_type` (`objid`, `gender`, `inverse_any`, `inverse_male`, `inverse_female`) VALUES ('AUNT', 'F', 'NEPHEW/NIECE', 'NEPHEW', 'NIECE');
INSERT INTO `entity_relation_type` (`objid`, `gender`, `inverse_any`, `inverse_male`, `inverse_female`) VALUES ('BROTHER', 'M', 'SIBLING', 'BROTHER', 'SISTER');
INSERT INTO `entity_relation_type` (`objid`, `gender`, `inverse_any`, `inverse_male`, `inverse_female`) VALUES ('COUSIN', NULL, 'COUSIN', 'COUSIN', 'COUSIN');
INSERT INTO `entity_relation_type` (`objid`, `gender`, `inverse_any`, `inverse_male`, `inverse_female`) VALUES ('DAUGHTER', 'F', 'PARENT', 'FATHER', 'MOTHER');
INSERT INTO `entity_relation_type` (`objid`, `gender`, `inverse_any`, `inverse_male`, `inverse_female`) VALUES ('FATHER', 'M', 'CHILD', 'SON', 'DAUGHTER');
INSERT INTO `entity_relation_type` (`objid`, `gender`, `inverse_any`, `inverse_male`, `inverse_female`) VALUES ('GRANDDAUGHTER', 'F', 'GRANDPARENT', 'GRANDFATHER', 'GRANDMOTHER');
INSERT INTO `entity_relation_type` (`objid`, `gender`, `inverse_any`, `inverse_male`, `inverse_female`) VALUES ('GRANDSON', 'M', 'GRANDPARENT', 'GRANDFATHER', 'GRANDMOTHER');
INSERT INTO `entity_relation_type` (`objid`, `gender`, `inverse_any`, `inverse_male`, `inverse_female`) VALUES ('HUSBAND', 'M', 'SPOUSE', 'SPOUSE', 'WIFE');
INSERT INTO `entity_relation_type` (`objid`, `gender`, `inverse_any`, `inverse_male`, `inverse_female`) VALUES ('MOTHER', 'F', 'CHILD', 'SON', 'DAUGHTER');
INSERT INTO `entity_relation_type` (`objid`, `gender`, `inverse_any`, `inverse_male`, `inverse_female`) VALUES ('NEPHEW', 'M', 'UNCLE/AUNT', 'UNCLE', 'AUNT');
INSERT INTO `entity_relation_type` (`objid`, `gender`, `inverse_any`, `inverse_male`, `inverse_female`) VALUES ('NIECE', 'F', 'UNCLE/AUNT', 'UNCLE', 'AUNT');
INSERT INTO `entity_relation_type` (`objid`, `gender`, `inverse_any`, `inverse_male`, `inverse_female`) VALUES ('SISTER', 'F', 'SIBLING', 'BROTHER', 'SISTER');
INSERT INTO `entity_relation_type` (`objid`, `gender`, `inverse_any`, `inverse_male`, `inverse_female`) VALUES ('SON', 'M', 'PARENT', 'FATHER', 'MOTHER');
INSERT INTO `entity_relation_type` (`objid`, `gender`, `inverse_any`, `inverse_male`, `inverse_female`) VALUES ('SPOUSE', NULL, 'SPOUSE', 'HUSBAND', 'WIFE');
INSERT INTO `entity_relation_type` (`objid`, `gender`, `inverse_any`, `inverse_male`, `inverse_female`) VALUES ('UNCLE', 'M', 'NEPHEW/NIECE', 'NEPHEW', 'NIECE');
INSERT INTO `entity_relation_type` (`objid`, `gender`, `inverse_any`, `inverse_male`, `inverse_female`) VALUES ('WIFE', 'F', 'SPOUSE', 'HUSBAND', 'SPOUSE');

INSERT INTO `fundgroup` (`objid`, `title`, `indexno`) VALUES ('GENERAL', 'GENERAL', '0');
INSERT INTO `fundgroup` (`objid`, `title`, `indexno`) VALUES ('SEF', 'SEF', '1');
INSERT INTO `fundgroup` (`objid`, `title`, `indexno`) VALUES ('TRUST', 'TRUST', '2');

INSERT INTO `fund` (`objid`, `parentid`, `state`, `code`, `title`, `type`, `special`, `system`, `groupid`, `depositoryfundid`) VALUES ('GENERAL', NULL, 'ACTIVE', '01', 'GENERAL-PROPER', 'subfund', '1', '0', 'GENERAL', 'GENERAL');
INSERT INTO `fund` (`objid`, `parentid`, `state`, `code`, `title`, `type`, `special`, `system`, `groupid`, `depositoryfundid`) VALUES ('SEF', NULL, 'ACTIVE', '02', 'SEF-PROPER', 'subfund', '1', '0', 'SEF', 'SEF');
INSERT INTO `fund` (`objid`, `parentid`, `state`, `code`, `title`, `type`, `special`, `system`, `groupid`, `depositoryfundid`) VALUES ('TRUST', NULL, 'ACTIVE', '03-05', 'TRUST-PROPER', 'subfund', '1', '0', 'TRUST', 'TRUST');

INSERT INTO `sys_orgclass` (`name`, `title`, `parentclass`, `handler`) VALUES ('PROVINCE', 'PROVINCE', NULL, 'province');
INSERT INTO `sys_orgclass` (`name`, `title`, `parentclass`, `handler`) VALUES ('MUNICIPALITY', 'MUNICIPALITY', 'PROVINCE', 'municipality');
INSERT INTO `sys_orgclass` (`name`, `title`, `parentclass`, `handler`) VALUES ('BARANGAY', 'BARANGAY', 'MUNICIPALITY', 'barangay');

INSERT INTO `sys_org` (`objid`, `name`, `orgclass`, `parent_objid`, `parent_orgclass`, `code`, `root`, `txncode`) VALUES ('047', 'BOHOL', 'PROVINCE', NULL, NULL, '047', '1', NULL);

INSERT INTO `sys_terminal` (`terminalid`) VALUES ('T001');
INSERT INTO `sys_terminal` (`terminalid`) VALUES ('T002');
INSERT INTO `sys_terminal` (`terminalid`) VALUES ('T003');

INSERT INTO `sys_usergroup` (`objid`, `title`, `domain`, `userclass`, `orgclass`, `role`) VALUES ('ACCOUNTING.MASTER', 'ACCOUNTING MASTER', 'ACCOUNTING', 'usergroup', NULL, 'MASTER');
INSERT INTO `sys_usergroup` (`objid`, `title`, `domain`, `userclass`, `orgclass`, `role`) VALUES ('ACCOUNTING.REPORT', 'ACCOUNTING REPORT', 'ACCOUNTING', 'usergroup', NULL, 'REPORT');
INSERT INTO `sys_usergroup` (`objid`, `title`, `domain`, `userclass`, `orgclass`, `role`) VALUES ('ADMIN.NOTIFICATION', 'SYSTEM ADMINISTRATOR', 'ADMIN', 'usergroup', NULL, 'NOTIFICATION');
INSERT INTO `sys_usergroup` (`objid`, `title`, `domain`, `userclass`, `orgclass`, `role`) VALUES ('ADMIN.SYSADMIN', 'SYSTEM ADMINISTRATOR', 'ADMIN', 'usergroup', NULL, 'SYSADMIN');
INSERT INTO `sys_usergroup` (`objid`, `title`, `domain`, `userclass`, `orgclass`, `role`) VALUES ('DEVELOPER.REPORT', 'DEVELOPER REPORT', 'DEVELOPER', NULL, NULL, 'REPORT');
INSERT INTO `sys_usergroup` (`objid`, `title`, `domain`, `userclass`, `orgclass`, `role`) VALUES ('ENTERPRISE.MASTER', 'ENTERPRISE MASTER', 'ENTERPRISE', 'usergroup', NULL, 'MASTER');
INSERT INTO `sys_usergroup` (`objid`, `title`, `domain`, `userclass`, `orgclass`, `role`) VALUES ('ENTITY.ADMIN', 'ENTITY ADMIN', 'ENTITY', 'usergroup', NULL, 'ADMIN');
INSERT INTO `sys_usergroup` (`objid`, `title`, `domain`, `userclass`, `orgclass`, `role`) VALUES ('ENTITY.APPROVER', 'ENTITY APPROVER', 'ENTITY', NULL, NULL, 'APPROVER');
INSERT INTO `sys_usergroup` (`objid`, `title`, `domain`, `userclass`, `orgclass`, `role`) VALUES ('ENTITY.MASTER', 'ENTITY MASTER', 'ENTITY', 'usergroup', NULL, 'MASTER');
INSERT INTO `sys_usergroup` (`objid`, `title`, `domain`, `userclass`, `orgclass`, `role`) VALUES ('FINANCIAL.ADMIN', 'FINANCIAL ADMIN', 'FINANCIAL', NULL, NULL, 'ADMIN');
INSERT INTO `sys_usergroup` (`objid`, `title`, `domain`, `userclass`, `orgclass`, `role`) VALUES ('FINANCIAL.MASTER', 'FINANCIAL MASTER', 'FINANCIAL', NULL, NULL, 'MASTER');
INSERT INTO `sys_usergroup` (`objid`, `title`, `domain`, `userclass`, `orgclass`, `role`) VALUES ('FINANCIAL.REPORT', 'FINANCIAL REPORT', 'FINANCIAL', NULL, NULL, 'REPORT');
INSERT INTO `sys_usergroup` (`objid`, `title`, `domain`, `userclass`, `orgclass`, `role`) VALUES ('LANDTAX.ADMIN', 'ADMIN', 'LANDTAX', NULL, NULL, 'ADMIN');
INSERT INTO `sys_usergroup` (`objid`, `title`, `domain`, `userclass`, `orgclass`, `role`) VALUES ('LANDTAX.LANDTAX', 'LANDTAX LANDTAX', 'LANDTAX', 'usergroup', NULL, 'LANDTAX');
INSERT INTO `sys_usergroup` (`objid`, `title`, `domain`, `userclass`, `orgclass`, `role`) VALUES ('LANDTAX.LANDTAX_SHARED', 'SHARED', 'LANDTAX', NULL, NULL, 'SHARED');
INSERT INTO `sys_usergroup` (`objid`, `title`, `domain`, `userclass`, `orgclass`, `role`) VALUES ('LANDTAX.REPORT', 'REPORT', 'LANDTAX', NULL, NULL, 'REPORT');
INSERT INTO `sys_usergroup` (`objid`, `title`, `domain`, `userclass`, `orgclass`, `role`) VALUES ('LANDTAX.RULE_AUTHOR', 'RULE AUTHOR', 'LANDTAX', NULL, NULL, 'RULE_AUTHOR');
INSERT INTO `sys_usergroup` (`objid`, `title`, `domain`, `userclass`, `orgclass`, `role`) VALUES ('RPT.ADMIN', 'ADMIN', 'RPT', NULL, NULL, 'ADMIN');
INSERT INTO `sys_usergroup` (`objid`, `title`, `domain`, `userclass`, `orgclass`, `role`) VALUES ('RPT.APPRAISAL_CHIEF', 'APPRAISAL DIVISION CHIEF', 'RPT', 'usergroup', NULL, 'APPRAISAL_CHIEF');
INSERT INTO `sys_usergroup` (`objid`, `title`, `domain`, `userclass`, `orgclass`, `role`) VALUES ('RPT.APPRAISER', 'APPRAISER', 'RPT', 'usergroup', NULL, 'APPRAISER');
INSERT INTO `sys_usergroup` (`objid`, `title`, `domain`, `userclass`, `orgclass`, `role`) VALUES ('RPT.APPROVER', 'APPROVER', 'RPT', 'usergroup', NULL, 'APPROVER');
INSERT INTO `sys_usergroup` (`objid`, `title`, `domain`, `userclass`, `orgclass`, `role`) VALUES ('RPT.ASSESSOR', 'ASSESSOR', 'RPT', 'usergroup', NULL, 'ASSESSOR');
INSERT INTO `sys_usergroup` (`objid`, `title`, `domain`, `userclass`, `orgclass`, `role`) VALUES ('RPT.ASSESSOR_DATAMGMT', 'ASSESSOR DATA MANAGEMENT', 'RPT', 'usergroup', NULL, 'ASSESSOR_DATAMGMT');
INSERT INTO `sys_usergroup` (`objid`, `title`, `domain`, `userclass`, `orgclass`, `role`) VALUES ('RPT.ASSESSOR_REPORT', 'ASSESSOR REPORT', 'RPT', 'usergroup', NULL, 'ASSESSOR_REPORT');
INSERT INTO `sys_usergroup` (`objid`, `title`, `domain`, `userclass`, `orgclass`, `role`) VALUES ('RPT.ASSESSOR_SHARED', 'ASSESSOR SHARED', 'RPT', 'usergroup', NULL, 'ASSESSOR_SHARED');
INSERT INTO `sys_usergroup` (`objid`, `title`, `domain`, `userclass`, `orgclass`, `role`) VALUES ('RPT.ASSISTANT_ASSESSOR', 'ASSISTANT ASSESSOR', 'RPT', 'usergroup', NULL, 'ASSISTANT_ASSESSOR');
INSERT INTO `sys_usergroup` (`objid`, `title`, `domain`, `userclass`, `orgclass`, `role`) VALUES ('RPT.CERTIFICATION_ISSUER', 'CERTIFICATION_ISSUER', 'RPT', 'usergroup', NULL, 'CERTIFICATION_ISSUER');
INSERT INTO `sys_usergroup` (`objid`, `title`, `domain`, `userclass`, `orgclass`, `role`) VALUES ('RPT.ENCODER', 'ENCODER', 'RPT', NULL, NULL, 'ENCODER');
INSERT INTO `sys_usergroup` (`objid`, `title`, `domain`, `userclass`, `orgclass`, `role`) VALUES ('RPT.ENCODING_APPROVER', 'ENCODING_APPROVER', 'RPT', NULL, NULL, 'ENCODING_APPROVER');
INSERT INTO `sys_usergroup` (`objid`, `title`, `domain`, `userclass`, `orgclass`, `role`) VALUES ('RPT.EXAMINER', 'EXAMINER', 'RPT', 'usergroup', NULL, 'EXAMINER');
INSERT INTO `sys_usergroup` (`objid`, `title`, `domain`, `userclass`, `orgclass`, `role`) VALUES ('RPT.LANDTAX', 'LANDTAX', 'RPT', 'usergroup', NULL, 'LANDTAX');
INSERT INTO `sys_usergroup` (`objid`, `title`, `domain`, `userclass`, `orgclass`, `role`) VALUES ('RPT.LANDTAX_DATAMGMT', 'LANDTAX DATA MANAGEMENT', 'RPT', 'usergroup', NULL, 'LANDTAX_DATAMGMT');
INSERT INTO `sys_usergroup` (`objid`, `title`, `domain`, `userclass`, `orgclass`, `role`) VALUES ('RPT.LANDTAX_REPORT', 'LANDTAX REPORT', 'RPT', 'usergroup', NULL, 'LANDTAX_REPORT');
INSERT INTO `sys_usergroup` (`objid`, `title`, `domain`, `userclass`, `orgclass`, `role`) VALUES ('RPT.LANDTAX_SHARED', 'LANDTAX SHARED', 'RPT', 'usergroup', NULL, 'LANDTAX_SHARED');
INSERT INTO `sys_usergroup` (`objid`, `title`, `domain`, `userclass`, `orgclass`, `role`) VALUES ('RPT.MASTER', 'MASTER', 'RPT', 'usergroup', NULL, 'MASTER');
INSERT INTO `sys_usergroup` (`objid`, `title`, `domain`, `userclass`, `orgclass`, `role`) VALUES ('RPT.MUNICIPAL_ASSESSOR', 'MUNICIPAL ASSESSOR', 'RPT', 'usergroup', NULL, 'MUNICIPAL_ASSESSOR');
INSERT INTO `sys_usergroup` (`objid`, `title`, `domain`, `userclass`, `orgclass`, `role`) VALUES ('RPT.PROVINCIAL_ASSESSOR', 'PROVINCIAL ASSESSOR', 'RPT', 'usergroup', '', 'PROVINCIAL_ASSESSOR');
INSERT INTO `sys_usergroup` (`objid`, `title`, `domain`, `userclass`, `orgclass`, `role`) VALUES ('RPT.RECEIVER', 'RECEIVER', 'RPT', NULL, NULL, 'RECEIVER');
INSERT INTO `sys_usergroup` (`objid`, `title`, `domain`, `userclass`, `orgclass`, `role`) VALUES ('RPT.RECOMMENDER', 'RECOMMENDER', 'RPT', 'usergroup', NULL, 'RECOMMENDER');
INSERT INTO `sys_usergroup` (`objid`, `title`, `domain`, `userclass`, `orgclass`, `role`) VALUES ('RPT.RECORD', 'RECORD', 'RPT', 'usergroup', NULL, 'RECORD');
INSERT INTO `sys_usergroup` (`objid`, `title`, `domain`, `userclass`, `orgclass`, `role`) VALUES ('RPT.RECORD_APPROVER', 'RPT RECORD_APPROVER', 'RPT', 'usergroup', NULL, 'RECORD_APPROVER');
INSERT INTO `sys_usergroup` (`objid`, `title`, `domain`, `userclass`, `orgclass`, `role`) VALUES ('RPT.REPORT', 'REPORT', 'RPT', 'usergroup', NULL, 'REPORT');
INSERT INTO `sys_usergroup` (`objid`, `title`, `domain`, `userclass`, `orgclass`, `role`) VALUES ('RPT.REVIEWER', 'RPT REVIEWER', 'RPT', 'usergroup', NULL, 'REVIEWER');
INSERT INTO `sys_usergroup` (`objid`, `title`, `domain`, `userclass`, `orgclass`, `role`) VALUES ('RPT.RULE_AUTHOR', 'RULE AUTHOR', 'RPT', 'usergroup', NULL, 'RULE_AUTHOR');
INSERT INTO `sys_usergroup` (`objid`, `title`, `domain`, `userclass`, `orgclass`, `role`) VALUES ('RPT.SHARED', 'RPT SHARED', 'RPT', 'usergroup', NULL, 'SHARED');
INSERT INTO `sys_usergroup` (`objid`, `title`, `domain`, `userclass`, `orgclass`, `role`) VALUES ('RPT.TAXMAPPER', 'TAXMAPPER', 'RPT', 'usergroup', NULL, 'TAXMAPPER');
INSERT INTO `sys_usergroup` (`objid`, `title`, `domain`, `userclass`, `orgclass`, `role`) VALUES ('RPT.TAXMAPPER_CHIEF', 'TAXMAPPER DIVISION CHIEF', 'RPT', 'usergroup', NULL, 'TAXMAPPER_CHIEF');
INSERT INTO `sys_usergroup` (`objid`, `title`, `domain`, `userclass`, `orgclass`, `role`) VALUES ('RULEMGMT.MASTER', 'RULEMGMT MASTER', 'RULEMGMT', NULL, NULL, 'MASTER');
INSERT INTO `sys_usergroup` (`objid`, `title`, `domain`, `userclass`, `orgclass`, `role`) VALUES ('RULEMGMT.DEV', 'RULEMGMT DEV', 'RULEMGMT', NULL, NULL, 'DEV');
INSERT INTO `sys_usergroup` (`objid`, `title`, `domain`, `userclass`, `orgclass`, `role`) VALUES ('SIGNATORYTEMPLATE.MASTER', 'SIGNATORYTEMPLATE MASTER', 'SIGNATORYTEMPLATE', 'usergroup', NULL, 'MASTER');
INSERT INTO `sys_usergroup` (`objid`, `title`, `domain`, `userclass`, `orgclass`, `role`) VALUES ('TREASURY.ADMIN', 'TREASURY ADMIN', 'TREASURY', 'usergroup', NULL, 'ADMIN');
INSERT INTO `sys_usergroup` (`objid`, `title`, `domain`, `userclass`, `orgclass`, `role`) VALUES ('TREASURY.AFO', 'ACCOUNTABLE FORM OFFICER', 'TREASURY', 'usergroup', NULL, 'AFO');
INSERT INTO `sys_usergroup` (`objid`, `title`, `domain`, `userclass`, `orgclass`, `role`) VALUES ('TREASURY.AFO_ADMIN', 'TREASURY AFO ADMIN', 'TREASURY', 'usergroup', NULL, 'AFO_ADMIN');
INSERT INTO `sys_usergroup` (`objid`, `title`, `domain`, `userclass`, `orgclass`, `role`) VALUES ('TREASURY.APPROVER', 'TREASURY APPROVER', 'TREASURY', NULL, NULL, 'APPROVER');
INSERT INTO `sys_usergroup` (`objid`, `title`, `domain`, `userclass`, `orgclass`, `role`) VALUES ('TREASURY.CASHIER', 'CASHIER', 'TREASURY', 'usergroup', NULL, 'CASHIER');
INSERT INTO `sys_usergroup` (`objid`, `title`, `domain`, `userclass`, `orgclass`, `role`) VALUES ('TREASURY.COLLECTOR', 'COLLECTOR', 'TREASURY', 'usergroup', NULL, 'COLLECTOR');
INSERT INTO `sys_usergroup` (`objid`, `title`, `domain`, `userclass`, `orgclass`, `role`) VALUES ('TREASURY.COLLECTOR_ADMIN', 'TREASURY COLLECTOR ADMIN', 'TREASURY', 'usergroup', NULL, 'COLLECTOR_ADMIN');
INSERT INTO `sys_usergroup` (`objid`, `title`, `domain`, `userclass`, `orgclass`, `role`) VALUES ('TREASURY.DATA_CONTROLLER', 'TREASURY DATA CONTROLLER', 'TREASURY', 'usergroup', NULL, 'DATA_CONTROLLER');
INSERT INTO `sys_usergroup` (`objid`, `title`, `domain`, `userclass`, `orgclass`, `role`) VALUES ('TREASURY.LIQUIDATING_OFFICER', 'LIQUIDATING OFFICER', 'TREASURY', 'usergroup', NULL, 'LIQUIDATING_OFFICER');
INSERT INTO `sys_usergroup` (`objid`, `title`, `domain`, `userclass`, `orgclass`, `role`) VALUES ('TREASURY.LIQ_OFFICER_ADMIN', 'TREASURY LIQ. OFFICER ADMIN', 'TREASURY', 'usergroup', NULL, 'LIQ_OFFICER_ADMIN');
INSERT INTO `sys_usergroup` (`objid`, `title`, `domain`, `userclass`, `orgclass`, `role`) VALUES ('TREASURY.MASTER', 'TREASURY MASTER', 'TREASURY', 'usergroup', NULL, 'MASTER');
INSERT INTO `sys_usergroup` (`objid`, `title`, `domain`, `userclass`, `orgclass`, `role`) VALUES ('TREASURY.REPORT', 'TREASURY REPORT', 'TREASURY', 'usergroup', NULL, 'REPORT');
INSERT INTO `sys_usergroup` (`objid`, `title`, `domain`, `userclass`, `orgclass`, `role`) VALUES ('TREASURY.RULE_AUTHOR', 'TREASURY RULE AUTHOR', 'TREASURY', 'userclass', NULL, 'RULE_AUTHOR');
INSERT INTO `sys_usergroup` (`objid`, `title`, `domain`, `userclass`, `orgclass`, `role`) VALUES ('TREASURY.SHARED', 'TREASURY SHARED', 'TREASURY', 'usergroup', NULL, 'SHARED');
INSERT INTO `sys_usergroup` (`objid`, `title`, `domain`, `userclass`, `orgclass`, `role`) VALUES ('TREASURY.SUBCOLLECTOR', 'SUBCOLLECTOR', 'TREASURY', 'usergroup', NULL, 'SUBCOLLECTOR');
INSERT INTO `sys_usergroup` (`objid`, `title`, `domain`, `userclass`, `orgclass`, `role`) VALUES ('WORKFLOW.ADMIN', 'WORKFLOW ADMIN', 'WORKFLOW', 'usergroup', NULL, 'ADMIN');
INSERT INTO `sys_usergroup` (`objid`, `title`, `domain`, `userclass`, `orgclass`, `role`) VALUES ('WORKFLOW.MASTER', 'WORKFLOW MASTER', 'WORKFLOW', 'usergroup', NULL, 'MASTER');
INSERT INTO `sys_usergroup` (`objid`, `title`, `domain`, `userclass`, `orgclass`, `role`) VALUES ('WORKFLOW.DEV', 'WORKFLOW DEV', 'WORKFLOW', 'usergroup', NULL, 'DEV');

INSERT INTO `sys_usergroup_permission` (`objid`, `usergroup_objid`, `object`, `permission`, `title`) VALUES ('ENTITY-MASTER-createIndividual', 'ENTITY.MASTER', 'entityindividual', 'create', 'Create');
INSERT INTO `sys_usergroup_permission` (`objid`, `usergroup_objid`, `object`, `permission`, `title`) VALUES ('ENTITY-MASTER-createJuridical', 'ENTITY.MASTER', 'entityjuridical', 'create', 'Create');
INSERT INTO `sys_usergroup_permission` (`objid`, `usergroup_objid`, `object`, `permission`, `title`) VALUES ('ENTITY-MASTER-createMultiple', 'ENTITY.MASTER', 'entitymultiple', 'create', 'Create');
INSERT INTO `sys_usergroup_permission` (`objid`, `usergroup_objid`, `object`, `permission`, `title`) VALUES ('ENTITY-MASTER-deleteIndividual', 'ENTITY.MASTER', 'entityindividual', 'delete', 'Delete');
INSERT INTO `sys_usergroup_permission` (`objid`, `usergroup_objid`, `object`, `permission`, `title`) VALUES ('ENTITY-MASTER-deleteJuridical', 'ENTITY.MASTER', 'entityjuridical', 'delete', 'Delete');
INSERT INTO `sys_usergroup_permission` (`objid`, `usergroup_objid`, `object`, `permission`, `title`) VALUES ('ENTITY-MASTER-deleteMultiple', 'ENTITY.MASTER', 'entitymultiple', 'delete', 'Delete');
INSERT INTO `sys_usergroup_permission` (`objid`, `usergroup_objid`, `object`, `permission`, `title`) VALUES ('ENTITY-MASTER-editIndividual', 'ENTITY.MASTER', 'entityindividual', 'edit', 'Edit');
INSERT INTO `sys_usergroup_permission` (`objid`, `usergroup_objid`, `object`, `permission`, `title`) VALUES ('ENTITY-MASTER-editJuridical', 'ENTITY.MASTER', 'entityjuridical', 'edit', 'Edit');
INSERT INTO `sys_usergroup_permission` (`objid`, `usergroup_objid`, `object`, `permission`, `title`) VALUES ('ENTITY-MASTER-editMultiple', 'ENTITY.MASTER', 'entitymultiple', 'edit', 'Edit');
INSERT INTO `sys_usergroup_permission` (`objid`, `usergroup_objid`, `object`, `permission`, `title`) VALUES ('ENTITY-MASTER-editname', 'ENTITY.MASTER', 'entityindividual', 'editname', 'Edit Name');
INSERT INTO `sys_usergroup_permission` (`objid`, `usergroup_objid`, `object`, `permission`, `title`) VALUES ('ENTITY-MASTER-openIndividual', 'ENTITY.MASTER', 'entityindividual', 'open', 'Open');
INSERT INTO `sys_usergroup_permission` (`objid`, `usergroup_objid`, `object`, `permission`, `title`) VALUES ('ENTITY-MASTER-openJuridical', 'ENTITY.MASTER', 'entityjuridical', 'open', 'Open');
INSERT INTO `sys_usergroup_permission` (`objid`, `usergroup_objid`, `object`, `permission`, `title`) VALUES ('ENTITY-MASTER-openMultiple', 'ENTITY.MASTER', 'entitymultiple', 'open', 'Open');
INSERT INTO `sys_usergroup_permission` (`objid`, `usergroup_objid`, `object`, `permission`, `title`) VALUES ('entity.approver|entityindividual.approveduplicate', 'ENTITY.APPROVER', 'entityindividual', 'approveduplicate', 'Approve Duplicate');
INSERT INTO `sys_usergroup_permission` (`objid`, `usergroup_objid`, `object`, `permission`, `title`) VALUES ('entity.approver|entityjuridical.approveduplicate', 'ENTITY.APPROVER', 'entityjuridical', 'approveduplicate', 'Approve Duplicate');
INSERT INTO `sys_usergroup_permission` (`objid`, `usergroup_objid`, `object`, `permission`, `title`) VALUES ('entity.master|entityindividual.reconcile', 'ENTITY.MASTER', 'entityindividual', 'reconcile', 'Reconcile Entity Individual');
INSERT INTO `sys_usergroup_permission` (`objid`, `usergroup_objid`, `object`, `permission`, `title`) VALUES ('entity.master|entityindividual.view', 'ENTITY.MASTER', 'entityindividual', 'view', 'View Entity Individuals');
INSERT INTO `sys_usergroup_permission` (`objid`, `usergroup_objid`, `object`, `permission`, `title`) VALUES ('entity.master|entityjuridical.editname', 'ENTITY.MASTER', 'entityjuridical', 'editname', 'Edit Name');
INSERT INTO `sys_usergroup_permission` (`objid`, `usergroup_objid`, `object`, `permission`, `title`) VALUES ('entity.master|entityjuridical.view', 'ENTITY.MASTER', 'entityjuridical', 'view', 'View Entity Juridicals');
INSERT INTO `sys_usergroup_permission` (`objid`, `usergroup_objid`, `object`, `permission`, `title`) VALUES ('entity.master|entitymultiple.view', 'ENTITY.MASTER', 'entitymultiple', 'view', 'View Multiple Entities');
INSERT INTO `sys_usergroup_permission` (`objid`, `usergroup_objid`, `object`, `permission`, `title`) VALUES ('entity.master|entityprofile.view', 'ENTITY.MASTER', 'entityprofile', 'view', 'View Entity Profiles');
INSERT INTO `sys_usergroup_permission` (`objid`, `usergroup_objid`, `object`, `permission`, `title`) VALUES ('financial.master|bank.create', 'FINANCIAL.MASTER', 'bank', 'create', 'Create Bank');
INSERT INTO `sys_usergroup_permission` (`objid`, `usergroup_objid`, `object`, `permission`, `title`) VALUES ('financial.master|bank.open', 'FINANCIAL.MASTER', 'bank', 'open', 'Read Bank');
INSERT INTO `sys_usergroup_permission` (`objid`, `usergroup_objid`, `object`, `permission`, `title`) VALUES ('financial.master|bank.view', 'FINANCIAL.MASTER', 'bank', 'view', 'View Banks');
INSERT INTO `sys_usergroup_permission` (`objid`, `usergroup_objid`, `object`, `permission`, `title`) VALUES ('financial.master|fund.create', 'FINANCIAL.MASTER', 'fund', 'create', 'Create Fund');
INSERT INTO `sys_usergroup_permission` (`objid`, `usergroup_objid`, `object`, `permission`, `title`) VALUES ('financial.master|fund.open', 'FINANCIAL.MASTER', 'fund', 'open', 'Read Fund');
INSERT INTO `sys_usergroup_permission` (`objid`, `usergroup_objid`, `object`, `permission`, `title`) VALUES ('financial.master|fund.view', 'FINANCIAL.MASTER', 'fund', 'view', 'View Funds');
INSERT INTO `sys_usergroup_permission` (`objid`, `usergroup_objid`, `object`, `permission`, `title`) VALUES ('financial.master|itemaccount.create', 'FINANCIAL.MASTER', 'itemaccount', 'create', 'Create ItemAccount');
INSERT INTO `sys_usergroup_permission` (`objid`, `usergroup_objid`, `object`, `permission`, `title`) VALUES ('financial.master|itemaccount.open', 'FINANCIAL.MASTER', 'itemaccount', 'read', 'Read ItemAccount');
INSERT INTO `sys_usergroup_permission` (`objid`, `usergroup_objid`, `object`, `permission`, `title`) VALUES ('financial.master|itemaccount.view', 'FINANCIAL.MASTER', 'itemaccount', 'view', 'View ItemAccounts');
INSERT INTO `sys_usergroup_permission` (`objid`, `usergroup_objid`, `object`, `permission`, `title`) VALUES ('financial.master|jev.view', 'FINANCIAL.MASTER', 'jev', 'view', 'View JEVs');
INSERT INTO `sys_usergroup_permission` (`objid`, `usergroup_objid`, `object`, `permission`, `title`) VALUES ('LANDTAX.ADMIN-add_new_ledger_faas', 'LANDTAX.ADMIN', 'rptledger', 'add_new_ledger_faas', 'Add New Ledger FAAS');
INSERT INTO `sys_usergroup_permission` (`objid`, `usergroup_objid`, `object`, `permission`, `title`) VALUES ('LANDTAX.ADMIN-change_faas_reference', 'LANDTAX.ADMIN', 'rptledger', 'change_faas_reference', 'Change FAAS Reference');
INSERT INTO `sys_usergroup_permission` (`objid`, `usergroup_objid`, `object`, `permission`, `title`) VALUES ('LANDTAX.ADMIN-fix_ledger_faas', 'LANDTAX.ADMIN', 'rptledger', 'fix_ledger_faas', 'Fix Ledger FAAS');
INSERT INTO `sys_usergroup_permission` (`objid`, `usergroup_objid`, `object`, `permission`, `title`) VALUES ('LANDTAX.REPORT.restricted-property.generate', 'LANDTAX.REPORT', 'restricted-property', 'generate', 'Generate List of Restricted Properties');
INSERT INTO `sys_usergroup_permission` (`objid`, `usergroup_objid`, `object`, `permission`, `title`) VALUES ('RPT-ANNOTATION-C', 'RPT.APPRAISER', 'annotation', 'create', 'create');
INSERT INTO `sys_usergroup_permission` (`objid`, `usergroup_objid`, `object`, `permission`, `title`) VALUES ('RPT-ANNOTATION-R', 'RPT.APPRAISER', 'annotation', 'read', 'read');
INSERT INTO `sys_usergroup_permission` (`objid`, `usergroup_objid`, `object`, `permission`, `title`) VALUES ('RPT-BILLING-C', 'RPT.LANDTAX', 'rptbilling', 'create', 'create');
INSERT INTO `sys_usergroup_permission` (`objid`, `usergroup_objid`, `object`, `permission`, `title`) VALUES ('RPT-CANCELANNOTATION-C', 'RPT.APPRAISER', 'cancelannotation', 'create', 'create');
INSERT INTO `sys_usergroup_permission` (`objid`, `usergroup_objid`, `object`, `permission`, `title`) VALUES ('RPT-CANCELFAAS-C', 'RPT.APPRAISER', 'cancelfaas', 'create', 'create');
INSERT INTO `sys_usergroup_permission` (`objid`, `usergroup_objid`, `object`, `permission`, `title`) VALUES ('RPT-CERTICICATION-LE', 'RPT.CERTIFICATION_ISSUER', 'certification', 'latestandexisting', 'latestandexisting');
INSERT INTO `sys_usergroup_permission` (`objid`, `usergroup_objid`, `object`, `permission`, `title`) VALUES ('RPT-CERTIFICATION-LH', 'RPT.CERTIFICATION_ISSUER', 'certification', 'landholding', 'landholding');
INSERT INTO `sys_usergroup_permission` (`objid`, `usergroup_objid`, `object`, `permission`, `title`) VALUES ('RPT-CERTIFICATION-MP', 'RPT.CERTIFICATION_ISSUER', 'certification', 'multipleproperty', 'multipleproperty');
INSERT INTO `sys_usergroup_permission` (`objid`, `usergroup_objid`, `object`, `permission`, `title`) VALUES ('RPT-CERTIFICATION-NE', 'RPT.CERTIFICATION_ISSUER', 'certification', 'noencumbrance', 'noencumbrance');
INSERT INTO `sys_usergroup_permission` (`objid`, `usergroup_objid`, `object`, `permission`, `title`) VALUES ('RPT-CERTIFICATION-NP', 'RPT.CERTIFICATION_ISSUER', 'certification', 'noproperty', 'noproperty');
INSERT INTO `sys_usergroup_permission` (`objid`, `usergroup_objid`, `object`, `permission`, `title`) VALUES ('RPT-CERTIFICATION-OWN', 'RPT.CERTIFICATION_ISSUER', 'certification', 'ownership', 'ownership');
INSERT INTO `sys_usergroup_permission` (`objid`, `usergroup_objid`, `object`, `permission`, `title`) VALUES ('RPT-CERTIFICATION-TDT', 'RPT.CERTIFICATION_ISSUER', 'certification', 'tdtruecopy', 'tdtruecopy');
INSERT INTO `sys_usergroup_permission` (`objid`, `usergroup_objid`, `object`, `permission`, `title`) VALUES ('RPT-CS-C', 'RPT.APPRAISER', 'consolidation', 'create', 'create');
INSERT INTO `sys_usergroup_permission` (`objid`, `usergroup_objid`, `object`, `permission`, `title`) VALUES ('RPT-CS-D', 'RPT.APPRAISER', 'consolidation', 'delete', 'delete');
INSERT INTO `sys_usergroup_permission` (`objid`, `usergroup_objid`, `object`, `permission`, `title`) VALUES ('RPT-CS-R', 'RPT.APPRAISER', 'consolidation', 'read', 'read');
INSERT INTO `sys_usergroup_permission` (`objid`, `usergroup_objid`, `object`, `permission`, `title`) VALUES ('RPT-CS-U', 'RPT.APPRAISER', 'consolidation', 'edit', 'edit');
INSERT INTO `sys_usergroup_permission` (`objid`, `usergroup_objid`, `object`, `permission`, `title`) VALUES ('RPT-FA-C', 'RPT.APPRAISER', 'annotation', 'create', 'create');
INSERT INTO `sys_usergroup_permission` (`objid`, `usergroup_objid`, `object`, `permission`, `title`) VALUES ('RPT-FA-D', 'RPT.APPRAISER', 'annotation', 'delete', 'delete');
INSERT INTO `sys_usergroup_permission` (`objid`, `usergroup_objid`, `object`, `permission`, `title`) VALUES ('RPT-FA-R', 'RPT.APPRAISER', 'annotation', 'read', 'read');
INSERT INTO `sys_usergroup_permission` (`objid`, `usergroup_objid`, `object`, `permission`, `title`) VALUES ('RPT-FA-U', 'RPT.APPRAISER', 'annotation', 'edit', 'edit');
INSERT INTO `sys_usergroup_permission` (`objid`, `usergroup_objid`, `object`, `permission`, `title`) VALUES ('RPT-FAAS-APPROVER-A', 'RPT.APPROVER', 'faas', 'approve', 'approve');
INSERT INTO `sys_usergroup_permission` (`objid`, `usergroup_objid`, `object`, `permission`, `title`) VALUES ('RPT-FAAS-APPROVER-D', 'RPT.APPROVER', 'faas', 'disapprove', 'disapprove');
INSERT INTO `sys_usergroup_permission` (`objid`, `usergroup_objid`, `object`, `permission`, `title`) VALUES ('RPT-FAAS-C-CC', 'RPT.APPRAISER', 'faas', 'createChangeClassificatio', 'createChangeClassificatio');
INSERT INTO `sys_usergroup_permission` (`objid`, `usergroup_objid`, `object`, `permission`, `title`) VALUES ('RPT-FAAS-C-CD', 'RPT.APPRAISER', 'faas', 'createChangeDepreciation', 'createChangeDepreciation');
INSERT INTO `sys_usergroup_permission` (`objid`, `usergroup_objid`, `object`, `permission`, `title`) VALUES ('RPT-FAAS-C-CE', 'RPT.APPRAISER', 'faas', 'createCorrection', 'createCorrection');
INSERT INTO `sys_usergroup_permission` (`objid`, `usergroup_objid`, `object`, `permission`, `title`) VALUES ('RPT-FAAS-C-CT', 'RPT.APPRAISER', 'faas', 'createChangeTaxability', 'createChangeTaxability');
INSERT INTO `sys_usergroup_permission` (`objid`, `usergroup_objid`, `object`, `permission`, `title`) VALUES ('RPT-FAAS-C-DC', 'RPT.APPRAISER', 'faas', 'createDataCapture', 'createDataCapture');
INSERT INTO `sys_usergroup_permission` (`objid`, `usergroup_objid`, `object`, `permission`, `title`) VALUES ('RPT-FAAS-C-GR', 'RPT.APPRAISER', 'faas', 'createGeneralRevision', 'createGeneralRevision');
INSERT INTO `sys_usergroup_permission` (`objid`, `usergroup_objid`, `object`, `permission`, `title`) VALUES ('RPT-FAAS-C-MC', 'RPT.APPRAISER', 'faas', 'createMultipleClaim', 'createMultipleClaim');
INSERT INTO `sys_usergroup_permission` (`objid`, `usergroup_objid`, `object`, `permission`, `title`) VALUES ('RPT-FAAS-C-ND', 'RPT.APPRAISER', 'faas', 'createNewDiscovery', 'createNewDiscovery');
INSERT INTO `sys_usergroup_permission` (`objid`, `usergroup_objid`, `object`, `permission`, `title`) VALUES ('RPT-FAAS-C-RE', 'RPT.APPRAISER', 'faas', 'createReassessment', 'createReassessment');
INSERT INTO `sys_usergroup_permission` (`objid`, `usergroup_objid`, `object`, `permission`, `title`) VALUES ('RPT-FAAS-C-TR', 'RPT.APPRAISER', 'faas', 'createTransfer', 'createTransfer');
INSERT INTO `sys_usergroup_permission` (`objid`, `usergroup_objid`, `object`, `permission`, `title`) VALUES ('RPT-FAAS-D', 'RPT.APPRAISER', 'faas', 'delete', 'delete');
INSERT INTO `sys_usergroup_permission` (`objid`, `usergroup_objid`, `object`, `permission`, `title`) VALUES ('RPT-FAAS-E', 'RPT.APPRAISER', 'faas', 'edit', 'edit');
INSERT INTO `sys_usergroup_permission` (`objid`, `usergroup_objid`, `object`, `permission`, `title`) VALUES ('RPT-FAAS-R', 'RPT.APPRAISER', 'faas', 'read', 'read');
INSERT INTO `sys_usergroup_permission` (`objid`, `usergroup_objid`, `object`, `permission`, `title`) VALUES ('RPT-FAAS-REC-A', 'RPT.RECOMMENDER', 'faas', 'approve', 'approve');
INSERT INTO `sys_usergroup_permission` (`objid`, `usergroup_objid`, `object`, `permission`, `title`) VALUES ('RPT-FAAS-REC-D', 'RPT.RECOMMENDER', 'faas', 'disapprove', 'disapprove');
INSERT INTO `sys_usergroup_permission` (`objid`, `usergroup_objid`, `object`, `permission`, `title`) VALUES ('RPT-FAAS-REC-S', 'RPT.RECOMMENDER', 'faas', 'submitToProvince', 'submitToProvince');
INSERT INTO `sys_usergroup_permission` (`objid`, `usergroup_objid`, `object`, `permission`, `title`) VALUES ('RPT-FAAS-S', 'RPT.APPRAISER', 'faas', 'submit', 'submit');
INSERT INTO `sys_usergroup_permission` (`objid`, `usergroup_objid`, `object`, `permission`, `title`) VALUES ('RPT-FAASUPDATE-C', 'RPT.APPRAISER', 'faasupdate', 'create', 'create');
INSERT INTO `sys_usergroup_permission` (`objid`, `usergroup_objid`, `object`, `permission`, `title`) VALUES ('RPT-GR-BATCH', 'RPT.ASSESSOR', 'batchgr', 'create', 'create');
INSERT INTO `sys_usergroup_permission` (`objid`, `usergroup_objid`, `object`, `permission`, `title`) VALUES ('RPT-LEDGER-A', 'RPT.LANDTAX', 'rptledger', 'approve', 'approve');
INSERT INTO `sys_usergroup_permission` (`objid`, `usergroup_objid`, `object`, `permission`, `title`) VALUES ('RPT-LEDGER-C', 'RPT.LANDTAX', 'rptledger', 'capturepayment', 'capturepayment');
INSERT INTO `sys_usergroup_permission` (`objid`, `usergroup_objid`, `object`, `permission`, `title`) VALUES ('RPT-LEDGER-CHANGESTATE', 'RPT.LANDTAX', 'rptledger', 'changestate', 'changestate');
INSERT INTO `sys_usergroup_permission` (`objid`, `usergroup_objid`, `object`, `permission`, `title`) VALUES ('RPT-LEDGER-E', 'RPT.LANDTAX', 'rptledger', 'edit', 'edit');
INSERT INTO `sys_usergroup_permission` (`objid`, `usergroup_objid`, `object`, `permission`, `title`) VALUES ('RPT-LEDGER-FL', 'RPT.LANDTAX', 'rptledger', 'fixledger', 'fixledger');
INSERT INTO `sys_usergroup_permission` (`objid`, `usergroup_objid`, `object`, `permission`, `title`) VALUES ('RPT-LEDGER-LS', 'LANDTAX.LANDTAX_SHARED', 'rptledger', 'list', 'list');
INSERT INTO `sys_usergroup_permission` (`objid`, `usergroup_objid`, `object`, `permission`, `title`) VALUES ('RPT-LEDGER-PP', 'LANDTAX.LANDTAX', 'rptledger', 'postpayment', 'postpayment');
INSERT INTO `sys_usergroup_permission` (`objid`, `usergroup_objid`, `object`, `permission`, `title`) VALUES ('RPT-LEDGER-R', 'LANDTAX.LANDTAX', 'rptledger', 'read', 'read');
INSERT INTO `sys_usergroup_permission` (`objid`, `usergroup_objid`, `object`, `permission`, `title`) VALUES ('RPT-NA-C', 'RPT.APPRAISER', 'noticeofassessment', 'create', 'create');
INSERT INTO `sys_usergroup_permission` (`objid`, `usergroup_objid`, `object`, `permission`, `title`) VALUES ('RPT-NA-R', 'RPT.APPRAISER', 'noticeofassessment', 'read', 'read');
INSERT INTO `sys_usergroup_permission` (`objid`, `usergroup_objid`, `object`, `permission`, `title`) VALUES ('RPT-RESECTION-C', 'RPT.APPRAISER', 'resection', 'create', 'create');
INSERT INTO `sys_usergroup_permission` (`objid`, `usergroup_objid`, `object`, `permission`, `title`) VALUES ('RPT-RESECTION-D', 'RPT.APPRAISER', 'resection', 'delete', 'delete');
INSERT INTO `sys_usergroup_permission` (`objid`, `usergroup_objid`, `object`, `permission`, `title`) VALUES ('RPT-RESECTION-E', 'RPT.APPRAISER', 'resection', 'edit', 'edit');
INSERT INTO `sys_usergroup_permission` (`objid`, `usergroup_objid`, `object`, `permission`, `title`) VALUES ('RPT-RESECTION-S', 'RPT.APPRAISER', 'resection', 'submit', 'submit');
INSERT INTO `sys_usergroup_permission` (`objid`, `usergroup_objid`, `object`, `permission`, `title`) VALUES ('RPT-SD-C', 'RPT.APPRAISER', 'subdivision', 'create', 'create');
INSERT INTO `sys_usergroup_permission` (`objid`, `usergroup_objid`, `object`, `permission`, `title`) VALUES ('RPT-SD-D', 'RPT.APPRAISER', 'subdivision', 'delete', 'delete');
INSERT INTO `sys_usergroup_permission` (`objid`, `usergroup_objid`, `object`, `permission`, `title`) VALUES ('RPT-SD-R', 'RPT.APPRAISER', 'subdivision', 'read', 'read');
INSERT INTO `sys_usergroup_permission` (`objid`, `usergroup_objid`, `object`, `permission`, `title`) VALUES ('RPT-SD-S', 'RPT.APPRAISER', 'subdivision', 'submit', 'submit');
INSERT INTO `sys_usergroup_permission` (`objid`, `usergroup_objid`, `object`, `permission`, `title`) VALUES ('RPT-SD-U', 'RPT.APPRAISER', 'subdivision', 'edit', 'edit');
INSERT INTO `sys_usergroup_permission` (`objid`, `usergroup_objid`, `object`, `permission`, `title`) VALUES ('RPT-TAXCLEARANCE-C', 'RPT.LANDTAX', 'taxclearance', 'create', 'create');
INSERT INTO `sys_usergroup_permission` (`objid`, `usergroup_objid`, `object`, `permission`, `title`) VALUES ('RPT-UTIL-MODIFYPIN', 'RPT.APPRAISER', 'util', 'modifypin', 'modifypin');
INSERT INTO `sys_usergroup_permission` (`objid`, `usergroup_objid`, `object`, `permission`, `title`) VALUES ('RPT.REPORT-faas-titled-report-viewreport', 'RPT.REPORT', 'faas-titled-report', 'viewreport', 'View Report');
INSERT INTO `sys_usergroup_permission` (`objid`, `usergroup_objid`, `object`, `permission`, `title`) VALUES ('SUBCOLLECTOR-DISAPPROVED', 'TREASURY.SUBCOLLECTOR', 'batchcapture', 'disapprove', 'disapprove');
INSERT INTO `sys_usergroup_permission` (`objid`, `usergroup_objid`, `object`, `permission`, `title`) VALUES ('SUBCOLLECTOR-POST', 'TREASURY.SUBCOLLECTOR', 'batchcapture', 'post', 'post');
INSERT INTO `sys_usergroup_permission` (`objid`, `usergroup_objid`, `object`, `permission`, `title`) VALUES ('TREASURY-ADMIN-receipt-void', 'TREASURY.ADMIN', 'receipt', 'void', 'Void Receipt');
INSERT INTO `sys_usergroup_permission` (`objid`, `usergroup_objid`, `object`, `permission`, `title`) VALUES ('TREASURY-AFO-ADMIN-aftxn-changetxntype', 'TREASURY.AFO_ADMIN', 'aftxn', 'changeTxnType', 'Change Txn Type');
INSERT INTO `sys_usergroup_permission` (`objid`, `usergroup_objid`, `object`, `permission`, `title`) VALUES ('TREASURY-AFO-afserial-forward', 'TREASURY.AFO', 'afserial', 'forward', 'Forward');
INSERT INTO `sys_usergroup_permission` (`objid`, `usergroup_objid`, `object`, `permission`, `title`) VALUES ('TREASURY-AFO-cashticket-forward', 'TREASURY.AFO', 'cashticket', 'forward', 'Forward');
INSERT INTO `sys_usergroup_permission` (`objid`, `usergroup_objid`, `object`, `permission`, `title`) VALUES ('TREASURY-APPROVER-cashreceipt-approve-reprint', 'TREASURY.APPROVER', 'cashreceipt', 'approve_reprint', 'Approve Cashreceipt Reprint');
INSERT INTO `sys_usergroup_permission` (`objid`, `usergroup_objid`, `object`, `permission`, `title`) VALUES ('TREASURY-APPROVER-cashreceipt-approve-void', 'TREASURY.APPROVER', 'cashreceipt', 'approve_void', 'Approve Cash Receipt Void');
INSERT INTO `sys_usergroup_permission` (`objid`, `usergroup_objid`, `object`, `permission`, `title`) VALUES ('TREASURY-COLLECTOR', 'TREASURY.COLLECTOR', 'receipt', 'online', 'online');
INSERT INTO `sys_usergroup_permission` (`objid`, `usergroup_objid`, `object`, `permission`, `title`) VALUES ('TREASURY-COLLECTOR-ADMIN-aftxn-changetxntype', 'TREASURY.COLLECTOR_ADMIN', 'remittance', 'rebuildFund', 'Rebuild Remittance Fund');
INSERT INTO `sys_usergroup_permission` (`objid`, `usergroup_objid`, `object`, `permission`, `title`) VALUES ('TREASURY-COLLECTOR-ADMIN-remittance-modifyCashBreakdown', 'TREASURY.COLLECTOR_ADMIN', 'remittance', 'modifyCashBreakdown', 'Modify Remittance Cash Breakdown');
INSERT INTO `sys_usergroup_permission` (`objid`, `usergroup_objid`, `object`, `permission`, `title`) VALUES ('TREASURY-COLLECTOR-ADMIN-remittance-voidReceipt', 'TREASURY.COLLECTOR_ADMIN', 'remittance', 'voidReceipt', 'Void Receipt');
INSERT INTO `sys_usergroup_permission` (`objid`, `usergroup_objid`, `object`, `permission`, `title`) VALUES ('TREASURY-COLLECTOR-receipt-void', 'TREASURY.COLLECTOR', 'receipt', 'void', 'Void Receipt');
INSERT INTO `sys_usergroup_permission` (`objid`, `usergroup_objid`, `object`, `permission`, `title`) VALUES ('TREASURY-DATA_CONTROLLER-batchcapture-manage', 'TREASURY.DATA_CONTROLLER', 'batchcapture', 'manage', 'Manage Batch Capture');
INSERT INTO `sys_usergroup_permission` (`objid`, `usergroup_objid`, `object`, `permission`, `title`) VALUES ('TREASURY-LIQUIDATING_OFFICER', 'TREASURY.LIQUIDATING_OFFICER', 'cashbook', 'list', 'list');
INSERT INTO `sys_usergroup_permission` (`objid`, `usergroup_objid`, `object`, `permission`, `title`) VALUES ('TREASURY-MASTER-createbank', 'TREASURY.MASTER', 'bank', 'create', 'Create');
INSERT INTO `sys_usergroup_permission` (`objid`, `usergroup_objid`, `object`, `permission`, `title`) VALUES ('TREASURY-MASTER-createcashbook', 'TREASURY.MASTER', 'cashbook', 'create', 'Create');
INSERT INTO `sys_usergroup_permission` (`objid`, `usergroup_objid`, `object`, `permission`, `title`) VALUES ('TREASURY-MASTER-createcollectiongroup', 'TREASURY.MASTER', 'collectiongroup', 'create', 'Create');
INSERT INTO `sys_usergroup_permission` (`objid`, `usergroup_objid`, `object`, `permission`, `title`) VALUES ('TREASURY-MASTER-createcollectiontype', 'TREASURY.MASTER', 'collectiontype', 'create', 'Create');
INSERT INTO `sys_usergroup_permission` (`objid`, `usergroup_objid`, `object`, `permission`, `title`) VALUES ('TREASURY-MASTER-createFund', 'TREASURY.MASTER', 'fund', 'create', 'Create');
INSERT INTO `sys_usergroup_permission` (`objid`, `usergroup_objid`, `object`, `permission`, `title`) VALUES ('TREASURY-MASTER-createRevenueItem', 'TREASURY.MASTER', 'revenueitem', 'create', 'Create');
INSERT INTO `sys_usergroup_permission` (`objid`, `usergroup_objid`, `object`, `permission`, `title`) VALUES ('TREASURY-MASTER-createsreaccount', 'TREASURY.MASTER', 'sreaccount', 'create', 'Create');
INSERT INTO `sys_usergroup_permission` (`objid`, `usergroup_objid`, `object`, `permission`, `title`) VALUES ('TREASURY-MASTER-deletebank', 'TREASURY.MASTER', 'bank', 'delete', 'Delete');
INSERT INTO `sys_usergroup_permission` (`objid`, `usergroup_objid`, `object`, `permission`, `title`) VALUES ('TREASURY-MASTER-deletecashbook', 'TREASURY.MASTER', 'cashbook', 'delete', 'Delete');
INSERT INTO `sys_usergroup_permission` (`objid`, `usergroup_objid`, `object`, `permission`, `title`) VALUES ('TREASURY-MASTER-deletecollectiongroup', 'TREASURY.MASTER', 'collectiongroup', 'delete', 'Delete');
INSERT INTO `sys_usergroup_permission` (`objid`, `usergroup_objid`, `object`, `permission`, `title`) VALUES ('TREASURY-MASTER-deletecollectiontype', 'TREASURY.MASTER', 'collectiontype', 'delete', 'Delete');
INSERT INTO `sys_usergroup_permission` (`objid`, `usergroup_objid`, `object`, `permission`, `title`) VALUES ('TREASURY-MASTER-deleteFund', 'TREASURY.MASTER', 'fund', 'delete', 'Delete');
INSERT INTO `sys_usergroup_permission` (`objid`, `usergroup_objid`, `object`, `permission`, `title`) VALUES ('TREASURY-MASTER-deleteRevenueItem', 'TREASURY.MASTER', 'revenueitem', 'delete', 'Delete');
INSERT INTO `sys_usergroup_permission` (`objid`, `usergroup_objid`, `object`, `permission`, `title`) VALUES ('TREASURY-MASTER-deletesreaccount', 'TREASURY.MASTER', 'sreaccount', 'delete', 'Delete');
INSERT INTO `sys_usergroup_permission` (`objid`, `usergroup_objid`, `object`, `permission`, `title`) VALUES ('TREASURY-MASTER-editbank', 'TREASURY.MASTER', 'bank', 'edit', 'Edit');
INSERT INTO `sys_usergroup_permission` (`objid`, `usergroup_objid`, `object`, `permission`, `title`) VALUES ('TREASURY-MASTER-editcashbook', 'TREASURY.MASTER', 'cashbook', 'edit', 'Edit');
INSERT INTO `sys_usergroup_permission` (`objid`, `usergroup_objid`, `object`, `permission`, `title`) VALUES ('TREASURY-MASTER-editcollectiongroup', 'TREASURY.MASTER', 'collectiongroup', 'edit', 'Edit');
INSERT INTO `sys_usergroup_permission` (`objid`, `usergroup_objid`, `object`, `permission`, `title`) VALUES ('TREASURY-MASTER-editcollectiontype', 'TREASURY.MASTER', 'collectiontype', 'edit', 'Edit');
INSERT INTO `sys_usergroup_permission` (`objid`, `usergroup_objid`, `object`, `permission`, `title`) VALUES ('TREASURY-MASTER-editFund', 'TREASURY.MASTER', 'fund', 'edit', 'Edit');
INSERT INTO `sys_usergroup_permission` (`objid`, `usergroup_objid`, `object`, `permission`, `title`) VALUES ('TREASURY-MASTER-editRevenueItem', 'TREASURY.MASTER', 'revenueitem', 'edit', 'Edit');
INSERT INTO `sys_usergroup_permission` (`objid`, `usergroup_objid`, `object`, `permission`, `title`) VALUES ('TREASURY-MASTER-editsreaccount', 'TREASURY.MASTER', 'sreaccount', 'edit', 'Edit');
INSERT INTO `sys_usergroup_permission` (`objid`, `usergroup_objid`, `object`, `permission`, `title`) VALUES ('TREASURY-MASTER-openbank', 'TREASURY.MASTER', 'bank', 'open', 'Open');
INSERT INTO `sys_usergroup_permission` (`objid`, `usergroup_objid`, `object`, `permission`, `title`) VALUES ('TREASURY-MASTER-opencashbook', 'TREASURY.MASTER', 'cashbook', 'open', 'Open');
INSERT INTO `sys_usergroup_permission` (`objid`, `usergroup_objid`, `object`, `permission`, `title`) VALUES ('TREASURY-MASTER-opencollectiongroup', 'TREASURY.MASTER', 'collectiongroup', 'open', 'Open');
INSERT INTO `sys_usergroup_permission` (`objid`, `usergroup_objid`, `object`, `permission`, `title`) VALUES ('TREASURY-MASTER-opencollectiontype', 'TREASURY.MASTER', 'collectiontype', 'open', 'Open');
INSERT INTO `sys_usergroup_permission` (`objid`, `usergroup_objid`, `object`, `permission`, `title`) VALUES ('TREASURY-MASTER-openFund', 'TREASURY.MASTER', 'fund', 'open', 'Open');
INSERT INTO `sys_usergroup_permission` (`objid`, `usergroup_objid`, `object`, `permission`, `title`) VALUES ('TREASURY-MASTER-openRevenueItem', 'TREASURY.MASTER', 'revenueitem', 'open', 'Open');
INSERT INTO `sys_usergroup_permission` (`objid`, `usergroup_objid`, `object`, `permission`, `title`) VALUES ('TREASURY-MASTER-opensreaccount', 'TREASURY.MASTER', 'sreaccount', 'open', 'Open');
INSERT INTO `sys_usergroup_permission` (`objid`, `usergroup_objid`, `object`, `permission`, `title`) VALUES ('TREASURY-MASTER-viewbank', 'TREASURY.MASTER', 'bank', 'view', 'View');
INSERT INTO `sys_usergroup_permission` (`objid`, `usergroup_objid`, `object`, `permission`, `title`) VALUES ('TREASURY-MASTER-viewcashbook', 'TREASURY.MASTER', 'cashbook', 'view', 'View');
INSERT INTO `sys_usergroup_permission` (`objid`, `usergroup_objid`, `object`, `permission`, `title`) VALUES ('TREASURY-MASTER-viewcollectiongroup', 'TREASURY.MASTER', 'collectiongroup', 'view', 'View');
INSERT INTO `sys_usergroup_permission` (`objid`, `usergroup_objid`, `object`, `permission`, `title`) VALUES ('TREASURY-MASTER-viewcollectiontype', 'TREASURY.MASTER', 'collectiontype', 'view', 'View');
INSERT INTO `sys_usergroup_permission` (`objid`, `usergroup_objid`, `object`, `permission`, `title`) VALUES ('TREASURY-MASTER-viewFund', 'TREASURY.MASTER', 'fund', 'view', 'View');
INSERT INTO `sys_usergroup_permission` (`objid`, `usergroup_objid`, `object`, `permission`, `title`) VALUES ('TREASURY-MASTER-viewRevenueItem', 'TREASURY.MASTER', 'revenueitem', 'view', 'View');
INSERT INTO `sys_usergroup_permission` (`objid`, `usergroup_objid`, `object`, `permission`, `title`) VALUES ('TREASURY-MASTER-viewsreaccount', 'TREASURY.MASTER', 'sreaccount', 'view', 'View');
INSERT INTO `sys_usergroup_permission` (`objid`, `usergroup_objid`, `object`, `permission`, `title`) VALUES ('TREASURY-REPORT-collectionbyfund-viewreport', 'TREASURY.REPORT', 'collectionbyfund', 'viewreport', 'View Report');
INSERT INTO `sys_usergroup_permission` (`objid`, `usergroup_objid`, `object`, `permission`, `title`) VALUES ('TREASURY-REPORT-directtocash-viewreport', 'TREASURY.REPORT', 'directtocash', 'viewreport', 'View Report');
INSERT INTO `sys_usergroup_permission` (`objid`, `usergroup_objid`, `object`, `permission`, `title`) VALUES ('TREASURY-REPORT-srs-viewreport', 'TREASURY.REPORT', 'srs', 'viewreport', 'View Report');
INSERT INTO `sys_usergroup_permission` (`objid`, `usergroup_objid`, `object`, `permission`, `title`) VALUES ('TREASURY-REPORT-statementofrevenue-viewreport', 'TREASURY.REPORT', 'statementofrevenue', 'viewreport', 'View Report');
INSERT INTO `sys_usergroup_permission` (`objid`, `usergroup_objid`, `object`, `permission`, `title`) VALUES ('TREASURY-SHARED-bankdeposit-view', 'TREASURY.SHARED', 'bankdeposit', 'view', 'View List');
INSERT INTO `sys_usergroup_permission` (`objid`, `usergroup_objid`, `object`, `permission`, `title`) VALUES ('TREASURY-SHARED-liquidation-view', 'TREASURY.SHARED', 'liquidation', 'view', 'View List');
INSERT INTO `sys_usergroup_permission` (`objid`, `usergroup_objid`, `object`, `permission`, `title`) VALUES ('TREASURY-SHARED-remittance-view', 'TREASURY.SHARED', 'remittance', 'view', 'View List');
INSERT INTO `sys_usergroup_permission` (`objid`, `usergroup_objid`, `object`, `permission`, `title`) VALUES ('TREASURY-SUBCOLLECTOR-receipt-void', 'TREASURY.SUBCOLLECTOR', 'receipt', 'void', 'Void Receipt');
INSERT INTO `sys_usergroup_permission` (`objid`, `usergroup_objid`, `object`, `permission`, `title`) VALUES ('UGP-3219ec222220f68d1f69d4d1d76021e0', 'TREASURY.LIQ_OFFICER_ADMIN', 'collectionvoucher', 'modifyCashBreakdown', 'Modify Cash Breakdown');
INSERT INTO `sys_usergroup_permission` (`objid`, `usergroup_objid`, `object`, `permission`, `title`) VALUES ('UGP-4e508bdd04888894926f677bbc0be374', 'TREASURY.LIQ_OFFICER_ADMIN', 'collectionvoucher', 'rebuildFund', 'Rebuild Fund Summary');
INSERT INTO `sys_usergroup_permission` (`objid`, `usergroup_objid`, `object`, `permission`, `title`) VALUES ('UGP-cf543fabc2aca483c6e5d3d48c39c4cc', 'TREASURY.LIQ_OFFICER_ADMIN', 'incomesummary', 'rebuild', 'Rebuild Income Summary');
INSERT INTO `sys_usergroup_permission` (`objid`, `usergroup_objid`, `object`, `permission`, `title`) VALUES ('UGP-d2bb69a6769517e0c8e672fec41f5fd7', 'TREASURY.LIQ_OFFICER_ADMIN', 'collectionvoucher', 'changeLiqOfficer', 'Change Liquidating Officer');

INSERT INTO `sys_user` (`objid`, `username`, `pwd`, `firstname`, `lastname`, `middlename`, `name`, `jobtitle`, `pwdlogincount`, `pwdexpirydate`) VALUES ('USR-ADMIN', 'ADMIN', '557a4295dcca1a044b690f8b6486f33d', 'ADMIN', 'ADMIN', '.', 'ADMIN, ADMIN .', 'ADMIN', '0', '2050-02-20 09:00:15');

INSERT INTO `sys_usergroup_member` (`objid`, `state`, `usergroup_objid`, `user_objid`, `user_username`, `user_firstname`, `user_lastname`, `org_objid`, `org_name`, `org_orgclass`, `securitygroup_objid`, `exclude`, `displayname`, `jobtitle`) VALUES ('UGM-ADMIN-SYS-0001', NULL, 'ADMIN.SYSADMIN', 'USR-ADMIN', 'ADMIN', 'ADMIN', 'ADMIN', NULL, NULL, NULL, NULL, NULL, NULL, NULL);
INSERT INTO `sys_usergroup_member` (`objid`, `state`, `usergroup_objid`, `user_objid`, `user_username`, `user_firstname`, `user_lastname`, `org_objid`, `org_name`, `org_orgclass`, `securitygroup_objid`, `exclude`, `displayname`, `jobtitle`) VALUES ('UGM-ADMIN-SYS-0002', NULL, 'ADMIN.NOTIFICATION', 'USR-ADMIN', 'ADMIN', 'ADMIN', 'ADMIN', NULL, NULL, NULL, NULL, NULL, NULL, NULL);

INSERT INTO `sys_var` (`name`, `value`, `description`, `datatype`, `category`) VALUES ('allow_consolidation_with_balance', 'false', NULL, 'checkbox', 'ASSESSOR');
INSERT INTO `sys_var` (`name`, `value`, `description`, `datatype`, `category`) VALUES ('allow_faas_transaction_with_balance', 'true', NULL, 'checkbox', 'ASSESSOR');
INSERT INTO `sys_var` (`name`, `value`, `description`, `datatype`, `category`) VALUES ('allow_general_collection_discount', '0', NULL, 'boolean', 'TC');
INSERT INTO `sys_var` (`name`, `value`, `description`, `datatype`, `category`) VALUES ('allow_multiple_open_liquidation', '1', NULL, NULL, NULL);
INSERT INTO `sys_var` (`name`, `value`, `description`, `datatype`, `category`) VALUES ('allow_subdivision_with_balance', 'false', NULL, 'checkbox', 'ASSESSOR');
INSERT INTO `sys_var` (`name`, `value`, `description`, `datatype`, `category`) VALUES ('assttreasurername', '-', NULL, NULL, NULL);
INSERT INTO `sys_var` (`name`, `value`, `description`, `datatype`, `category`) VALUES ('assttreasurertitle', '-', NULL, NULL, NULL);
INSERT INTO `sys_var` (`name`, `value`, `description`, `datatype`, `category`) VALUES ('current_ry', '2017', '', 'integer', 'ASSESSOR');
INSERT INTO `sys_var` (`name`, `value`, `description`, `datatype`, `category`) VALUES ('deposit_collection_by_bank_account', '0', 'Deposit collection by bank account instead of by fund', 'checkbox', 'TC');
INSERT INTO `sys_var` (`name`, `value`, `description`, `datatype`, `category`) VALUES ('deposit_print_date', '0', NULL, NULL, 'TC');
INSERT INTO `sys_var` (`name`, `value`, `description`, `datatype`, `category`) VALUES ('faas_datacapture_allow_edit_av', '0', NULL, 'checkbox', 'ASSESSOR');
INSERT INTO `sys_var` (`name`, `value`, `description`, `datatype`, `category`) VALUES ('faas_formalize_owner_name', '0', 'Formalize Owner Name upon lookup', 'checkbox', 'ASSESSOR');
INSERT INTO `sys_var` (`name`, `value`, `description`, `datatype`, `category`) VALUES ('faas_land_auto_agricultural_adjustment', '1', NULL, 'checkbox', 'ASSESSOR');
INSERT INTO `sys_var` (`name`, `value`, `description`, `datatype`, `category`) VALUES ('invalid_login_access_date_interval', '1m', 'number of hours/days access date is moved when failed_login_max_retries is reached( d=days, h=hours)', NULL, NULL);
INSERT INTO `sys_var` (`name`, `value`, `description`, `datatype`, `category`) VALUES ('invalid_login_action', '1', '0 - suspend 1-move access to a later date', NULL, NULL);
INSERT INTO `sys_var` (`name`, `value`, `description`, `datatype`, `category`) VALUES ('invalid_login_max_retries', '5', 'No. of times a user can retry login before disabling account', NULL, NULL);
INSERT INTO `sys_var` (`name`, `value`, `description`, `datatype`, `category`) VALUES ('landtax_certifiedby', '-', NULL, 'text', 'LANDTAX');
INSERT INTO `sys_var` (`name`, `value`, `description`, `datatype`, `category`) VALUES ('landtax_certifiedby_title', 'ASST. PROVINCIAL TREASURER - OPERATION', NULL, 'text', 'LANDTAX');
INSERT INTO `sys_var` (`name`, `value`, `description`, `datatype`, `category`) VALUES ('lgu_name', 'BOHOL', NULL, NULL, NULL);
INSERT INTO `sys_var` (`name`, `value`, `description`, `datatype`, `category`) VALUES ('lgu_objid', '047', NULL, NULL, NULL);
INSERT INTO `sys_var` (`name`, `value`, `description`, `datatype`, `category`) VALUES ('lgu_type', 'province', NULL, NULL, NULL);
INSERT INTO `sys_var` (`name`, `value`, `description`, `datatype`, `category`) VALUES ('liquidation_report_show_accountable_forms', '0', 'Show Accoutable Forms in RCD Liquidation Report ', NULL, 'TC');
INSERT INTO `sys_var` (`name`, `value`, `description`, `datatype`, `category`) VALUES ('pin_autonumber', '0', NULL, 'checkbox', 'ASSESSOR');
INSERT INTO `sys_var` (`name`, `value`, `description`, `datatype`, `category`) VALUES ('pin_type', 'new', 'PIN Formatting Type valid values: old or new', 'text', 'ASSESSOR');
INSERT INTO `sys_var` (`name`, `value`, `description`, `datatype`, `category`) VALUES ('pwd_change_cycle', '1', 'No. of times the user cannot use a repeating password', NULL, 'SYSTEM');
INSERT INTO `sys_var` (`name`, `value`, `description`, `datatype`, `category`) VALUES ('pwd_change_date_interval', '365M', 'No. of days/months before a user is required to change their password (d=days, M=months)', NULL, 'SYSTEM');
INSERT INTO `sys_var` (`name`, `value`, `description`, `datatype`, `category`) VALUES ('pwd_change_login_count', '0', 'No. of times a user has successfully logged in before changing their password. (0=no limit) ', NULL, 'SYSTEM');
INSERT INTO `sys_var` (`name`, `value`, `description`, `datatype`, `category`) VALUES ('receipt_item_printout_count', '10', NULL, NULL, 'SYSTEM');
INSERT INTO `sys_var` (`name`, `value`, `description`, `datatype`, `category`) VALUES ('rptbilling_assessed_value_fact_years', '2002,2013', NULL, NULL, 'LANDTAX');
INSERT INTO `sys_var` (`name`, `value`, `description`, `datatype`, `category`) VALUES ('rpt_round_to_ten_item_assessed_value', '0', NULL, 'checkbox', 'ASSESSOR');
INSERT INTO `sys_var` (`name`, `value`, `description`, `datatype`, `category`) VALUES ('sangguinan_name', 'SANGGUNIANG PANLALAWIGAN', 'sangguinian name', 'text', 'ASSESSOR');
INSERT INTO `sys_var` (`name`, `value`, `description`, `datatype`, `category`) VALUES ('sa_pwd', 'ba4d084b31b41fbe55302c0429d93c81', NULL, NULL, NULL);
INSERT INTO `sys_var` (`name`, `value`, `description`, `datatype`, `category`) VALUES ('secretary_name', NULL, NULL, NULL, NULL);
INSERT INTO `sys_var` (`name`, `value`, `description`, `datatype`, `category`) VALUES ('secretary_title', NULL, NULL, NULL, NULL);
INSERT INTO `sys_var` (`name`, `value`, `description`, `datatype`, `category`) VALUES ('server_timezone', 'Asia/Shanghai', 'this must be matched with default timezone of server', NULL, NULL);
INSERT INTO `sys_var` (`name`, `value`, `description`, `datatype`, `category`) VALUES ('session_timeout_interval', '1d ', 'expiry dates of inactive session (d=days, h=hours)', NULL, 'SYSTEM');
INSERT INTO `sys_var` (`name`, `value`, `description`, `datatype`, `category`) VALUES ('subdivision_allow_equal_area_only', 'false', 'Allow Subdivision with equal area only ', 'checkbox', 'ASSESSOR');
INSERT INTO `sys_var` (`name`, `value`, `description`, `datatype`, `category`) VALUES ('system_pwd', '!1234#', 'system password', NULL, 'SYSTEM');
INSERT INTO `sys_var` (`name`, `value`, `description`, `datatype`, `category`) VALUES ('td_autonumber', 'true', NULL, 'checkbox', 'ASSESSOR');
INSERT INTO `sys_var` (`name`, `value`, `description`, `datatype`, `category`) VALUES ('td_autonumber_sequence_count', '5', NULL, 'integer', 'ASSESSOR');
INSERT INTO `sys_var` (`name`, `value`, `description`, `datatype`, `category`) VALUES ('td_format', 'Y-B', 'Tax Declaration No. format. Options: Y- revision year, M-municipality index, C - city index, D-district index, B=-barangay index', 'text', 'ASSESSOR');
INSERT INTO `sys_var` (`name`, `value`, `description`, `datatype`, `category`) VALUES ('td_report_display_appraisedby', '0', NULL, 'checkbox', 'ASSESSOR');
INSERT INTO `sys_var` (`name`, `value`, `description`, `datatype`, `category`) VALUES ('td_report_display_recommendedby', '0', 'Display Recommended by ', NULL, 'ASSESSOR');
INSERT INTO `sys_var` (`name`, `value`, `description`, `datatype`, `category`) VALUES ('td_report_item_format', 'BLGF', 'Valid Values: BLGF or MODIFIED', 'text', 'ASSESSOR');
INSERT INTO `sys_var` (`name`, `value`, `description`, `datatype`, `category`) VALUES ('td_show_landinfo_on_improvements', '1', 'Show the land information such as boundary etc in the improvement tax declaration. Options: 1 - show; 0 - hide', 'checkbox', 'ASSESSOR');

INSERT IGNORE INTO `sys_ruleset` (`name`, `title`, `packagename`, `domain`, `role`, `permission`) VALUES ('revenuesharing', 'Revenue Sharing', 'revenuesharing', 'TREASURY', 'RULE_AUTHOR', NULL);

INSERT IGNORE INTO `sys_rulegroup` (`name`, `ruleset`, `title`, `sortorder`) VALUES ('after-compute-share', 'revenuesharing', 'After Compute Share', '1');
INSERT IGNORE INTO `sys_rulegroup` (`name`, `ruleset`, `title`, `sortorder`) VALUES ('compute-share', 'revenuesharing', 'Compute Share', '0');

INSERT IGNORE INTO `sys_rule_fact` (`objid`, `name`, `title`, `factclass`, `sortorder`, `handler`, `defaultvarname`, `dynamic`, `lookuphandler`, `lookupkey`, `lookupvalue`, `lookupdatatype`, `dynamicfieldname`, `builtinconstraints`, `domain`, `factsuperclass`) VALUES ('com.rameses.rules.common.CurrentDate', 'com.rameses.rules.common.CurrentDate', 'Current Date', 'com.rameses.rules.common.CurrentDate', '0', NULL, NULL, NULL, NULL, NULL, NULL, NULL, NULL, NULL, 'SYSTEM', NULL);
INSERT IGNORE INTO `sys_rule_fact` (`objid`, `name`, `title`, `factclass`, `sortorder`, `handler`, `defaultvarname`, `dynamic`, `lookuphandler`, `lookupkey`, `lookupvalue`, `lookupdatatype`, `dynamicfieldname`, `builtinconstraints`, `domain`, `factsuperclass`) VALUES ('enterprise.facts.DateInfo', 'enterprise.facts.DateInfo', 'Date Info', 'enterprise.facts.DateInfo', '0', NULL, NULL, NULL, NULL, NULL, NULL, NULL, NULL, NULL, 'ENTERPRISE', 'enterprise.facts.VariableInfo');
INSERT IGNORE INTO `sys_rule_fact` (`objid`, `name`, `title`, `factclass`, `sortorder`, `handler`, `defaultvarname`, `dynamic`, `lookuphandler`, `lookupkey`, `lookupvalue`, `lookupdatatype`, `dynamicfieldname`, `builtinconstraints`, `domain`, `factsuperclass`) VALUES ('enterprise.facts.Org', 'enterprise.facts.Org', 'Org', 'enterprise.facts.Org', '1', NULL, 'ORG', NULL, NULL, NULL, NULL, NULL, NULL, NULL, 'ENTERPRISE', NULL);
INSERT IGNORE INTO `sys_rule_fact` (`objid`, `name`, `title`, `factclass`, `sortorder`, `handler`, `defaultvarname`, `dynamic`, `lookuphandler`, `lookupkey`, `lookupvalue`, `lookupdatatype`, `dynamicfieldname`, `builtinconstraints`, `domain`, `factsuperclass`) VALUES ('treasury.facts.BillItem', 'treasury.facts.BillItem', 'Bill Item', 'treasury.facts.BillItem', '1', NULL, 'BILLITEM', NULL, NULL, NULL, NULL, NULL, NULL, NULL, 'TREASURY', 'treasury.facts.AbstractBillItem');
INSERT IGNORE INTO `sys_rule_fact` (`objid`, `name`, `title`, `factclass`, `sortorder`, `handler`, `defaultvarname`, `dynamic`, `lookuphandler`, `lookupkey`, `lookupvalue`, `lookupdatatype`, `dynamicfieldname`, `builtinconstraints`, `domain`, `factsuperclass`) VALUES ('treasury.facts.CollectionGroup', 'treasury.facts.CollectionGroup', 'Collection Group', 'treasury.facts.CollectionGroup', '0', NULL, 'CG', NULL, NULL, NULL, NULL, NULL, NULL, NULL, 'TREASURY', NULL);
INSERT IGNORE INTO `sys_rule_fact` (`objid`, `name`, `title`, `factclass`, `sortorder`, `handler`, `defaultvarname`, `dynamic`, `lookuphandler`, `lookupkey`, `lookupvalue`, `lookupdatatype`, `dynamicfieldname`, `builtinconstraints`, `domain`, `factsuperclass`) VALUES ('treasury.facts.RevenueShare', 'treasury.facts.RevenueShare', 'Revenue Share', 'treasury.facts.RevenueShare', '1', NULL, 'RS', NULL, NULL, NULL, NULL, NULL, NULL, NULL, 'TREASURY', NULL);

INSERT IGNORE INTO `sys_rule_fact_field` (`objid`, `parentid`, `name`, `title`, `datatype`, `sortorder`, `handler`, `lookuphandler`, `lookupkey`, `lookupvalue`, `lookupdatatype`, `multivalued`, `required`, `vardatatype`, `lovname`) VALUES ('com.rameses.rules.common.CurrentDate.date', 'com.rameses.rules.common.CurrentDate', 'date', 'Date', 'date', '4', 'date', NULL, NULL, NULL, NULL, NULL, NULL, 'date', NULL);
INSERT IGNORE INTO `sys_rule_fact_field` (`objid`, `parentid`, `name`, `title`, `datatype`, `sortorder`, `handler`, `lookuphandler`, `lookupkey`, `lookupvalue`, `lookupdatatype`, `multivalued`, `required`, `vardatatype`, `lovname`) VALUES ('com.rameses.rules.common.CurrentDate.day', 'com.rameses.rules.common.CurrentDate', 'day', 'Day', 'integer', '5', 'integer', NULL, NULL, NULL, NULL, NULL, NULL, 'integer', NULL);
INSERT IGNORE INTO `sys_rule_fact_field` (`objid`, `parentid`, `name`, `title`, `datatype`, `sortorder`, `handler`, `lookuphandler`, `lookupkey`, `lookupvalue`, `lookupdatatype`, `multivalued`, `required`, `vardatatype`, `lovname`) VALUES ('com.rameses.rules.common.CurrentDate.month', 'com.rameses.rules.common.CurrentDate', 'month', 'Month', 'integer', '3', 'integer', NULL, NULL, NULL, NULL, NULL, NULL, 'integer', NULL);
INSERT IGNORE INTO `sys_rule_fact_field` (`objid`, `parentid`, `name`, `title`, `datatype`, `sortorder`, `handler`, `lookuphandler`, `lookupkey`, `lookupvalue`, `lookupdatatype`, `multivalued`, `required`, `vardatatype`, `lovname`) VALUES ('com.rameses.rules.common.CurrentDate.qtr', 'com.rameses.rules.common.CurrentDate', 'qtr', 'Qtr', 'integer', '1', 'integer', NULL, NULL, NULL, NULL, NULL, NULL, 'integer', NULL);
INSERT IGNORE INTO `sys_rule_fact_field` (`objid`, `parentid`, `name`, `title`, `datatype`, `sortorder`, `handler`, `lookuphandler`, `lookupkey`, `lookupvalue`, `lookupdatatype`, `multivalued`, `required`, `vardatatype`, `lovname`) VALUES ('com.rameses.rules.common.CurrentDate.year', 'com.rameses.rules.common.CurrentDate', 'year', 'Year', 'integer', '2', 'integer', NULL, NULL, NULL, NULL, NULL, NULL, 'integer', NULL);
INSERT IGNORE INTO `sys_rule_fact_field` (`objid`, `parentid`, `name`, `title`, `datatype`, `sortorder`, `handler`, `lookuphandler`, `lookupkey`, `lookupvalue`, `lookupdatatype`, `multivalued`, `required`, `vardatatype`, `lovname`) VALUES ('enterprise.facts.DateInfo.day', 'enterprise.facts.DateInfo', 'day', 'Day', 'integer', '4', 'integer', NULL, NULL, NULL, NULL, NULL, NULL, 'integer', NULL);
INSERT IGNORE INTO `sys_rule_fact_field` (`objid`, `parentid`, `name`, `title`, `datatype`, `sortorder`, `handler`, `lookuphandler`, `lookupkey`, `lookupvalue`, `lookupdatatype`, `multivalued`, `required`, `vardatatype`, `lovname`) VALUES ('enterprise.facts.DateInfo.month', 'enterprise.facts.DateInfo', 'month', 'Month', 'integer', '3', 'integer', NULL, NULL, NULL, NULL, NULL, NULL, 'integer', NULL);
INSERT IGNORE INTO `sys_rule_fact_field` (`objid`, `parentid`, `name`, `title`, `datatype`, `sortorder`, `handler`, `lookuphandler`, `lookupkey`, `lookupvalue`, `lookupdatatype`, `multivalued`, `required`, `vardatatype`, `lovname`) VALUES ('enterprise.facts.DateInfo.name', 'enterprise.facts.DateInfo', 'name', 'Name', 'string', '5', 'lookup', 'variableinfo_date:lookup', 'name', 'name', NULL, NULL, '1', 'string', NULL);
INSERT IGNORE INTO `sys_rule_fact_field` (`objid`, `parentid`, `name`, `title`, `datatype`, `sortorder`, `handler`, `lookuphandler`, `lookupkey`, `lookupvalue`, `lookupdatatype`, `multivalued`, `required`, `vardatatype`, `lovname`) VALUES ('enterprise.facts.DateInfo.qtr', 'enterprise.facts.DateInfo', 'qtr', 'Qtr', 'integer', '1', 'integer', NULL, NULL, NULL, NULL, NULL, NULL, 'integer', NULL);
INSERT IGNORE INTO `sys_rule_fact_field` (`objid`, `parentid`, `name`, `title`, `datatype`, `sortorder`, `handler`, `lookuphandler`, `lookupkey`, `lookupvalue`, `lookupdatatype`, `multivalued`, `required`, `vardatatype`, `lovname`) VALUES ('enterprise.facts.DateInfo.value', 'enterprise.facts.DateInfo', 'value', 'Date', 'date', '6', 'date', NULL, NULL, NULL, NULL, NULL, '1', 'date', NULL);
INSERT IGNORE INTO `sys_rule_fact_field` (`objid`, `parentid`, `name`, `title`, `datatype`, `sortorder`, `handler`, `lookuphandler`, `lookupkey`, `lookupvalue`, `lookupdatatype`, `multivalued`, `required`, `vardatatype`, `lovname`) VALUES ('enterprise.facts.DateInfo.year', 'enterprise.facts.DateInfo', 'year', 'Year', 'integer', '2', 'integer', NULL, NULL, NULL, NULL, NULL, NULL, 'integer', NULL);
INSERT IGNORE INTO `sys_rule_fact_field` (`objid`, `parentid`, `name`, `title`, `datatype`, `sortorder`, `handler`, `lookuphandler`, `lookupkey`, `lookupvalue`, `lookupdatatype`, `multivalued`, `required`, `vardatatype`, `lovname`) VALUES ('enterprise.facts.Org.orgid', 'enterprise.facts.Org', 'orgid', 'Org ID', 'string', '1', 'lookup', 'org:lookup', 'objid', 'title', NULL, NULL, NULL, 'string', NULL);
INSERT IGNORE INTO `sys_rule_fact_field` (`objid`, `parentid`, `name`, `title`, `datatype`, `sortorder`, `handler`, `lookuphandler`, `lookupkey`, `lookupvalue`, `lookupdatatype`, `multivalued`, `required`, `vardatatype`, `lovname`) VALUES ('treasury.facts.BillItem.account', 'treasury.facts.BillItem', 'account', 'Account', 'string', '3', 'lookup', 'revenueitem:lookup', 'objid', 'title', NULL, NULL, NULL, 'object', NULL);
INSERT IGNORE INTO `sys_rule_fact_field` (`objid`, `parentid`, `name`, `title`, `datatype`, `sortorder`, `handler`, `lookuphandler`, `lookupkey`, `lookupvalue`, `lookupdatatype`, `multivalued`, `required`, `vardatatype`, `lovname`) VALUES ('treasury.facts.BillItem.account.objid', 'treasury.facts.BillItem', 'account.objid', 'Account ID', 'string', '2', 'lookup', 'revenueitem:lookup', 'objid', 'title', NULL, NULL, NULL, 'string', NULL);
INSERT IGNORE INTO `sys_rule_fact_field` (`objid`, `parentid`, `name`, `title`, `datatype`, `sortorder`, `handler`, `lookuphandler`, `lookupkey`, `lookupvalue`, `lookupdatatype`, `multivalued`, `required`, `vardatatype`, `lovname`) VALUES ('treasury.facts.BillItem.amount', 'treasury.facts.BillItem', 'amount', 'Amount', 'decimal', '1', 'decimal', NULL, NULL, NULL, NULL, NULL, NULL, 'decimal', NULL);
INSERT IGNORE INTO `sys_rule_fact_field` (`objid`, `parentid`, `name`, `title`, `datatype`, `sortorder`, `handler`, `lookuphandler`, `lookupkey`, `lookupvalue`, `lookupdatatype`, `multivalued`, `required`, `vardatatype`, `lovname`) VALUES ('treasury.facts.BillItem.billrefid', 'treasury.facts.BillItem', 'billrefid', 'Bill Ref ID', 'string', '7', 'var', NULL, NULL, NULL, NULL, NULL, NULL, 'string', NULL);
INSERT IGNORE INTO `sys_rule_fact_field` (`objid`, `parentid`, `name`, `title`, `datatype`, `sortorder`, `handler`, `lookuphandler`, `lookupkey`, `lookupvalue`, `lookupdatatype`, `multivalued`, `required`, `vardatatype`, `lovname`) VALUES ('treasury.facts.BillItem.discount', 'treasury.facts.BillItem', 'discount', 'Discount', 'decimal', '8', 'decimal', NULL, NULL, NULL, NULL, NULL, NULL, 'decimal', NULL);
INSERT IGNORE INTO `sys_rule_fact_field` (`objid`, `parentid`, `name`, `title`, `datatype`, `sortorder`, `handler`, `lookuphandler`, `lookupkey`, `lookupvalue`, `lookupdatatype`, `multivalued`, `required`, `vardatatype`, `lovname`) VALUES ('treasury.facts.BillItem.duedate', 'treasury.facts.BillItem', 'duedate', 'Due Date', 'date', '4', 'date', NULL, NULL, NULL, NULL, NULL, NULL, 'date', NULL);
INSERT IGNORE INTO `sys_rule_fact_field` (`objid`, `parentid`, `name`, `title`, `datatype`, `sortorder`, `handler`, `lookuphandler`, `lookupkey`, `lookupvalue`, `lookupdatatype`, `multivalued`, `required`, `vardatatype`, `lovname`) VALUES ('treasury.facts.BillItem.fromdate', 'treasury.facts.BillItem', 'fromdate', 'From Date', 'date', '14', 'date', NULL, NULL, NULL, NULL, NULL, NULL, 'date', NULL);
INSERT IGNORE INTO `sys_rule_fact_field` (`objid`, `parentid`, `name`, `title`, `datatype`, `sortorder`, `handler`, `lookuphandler`, `lookupkey`, `lookupvalue`, `lookupdatatype`, `multivalued`, `required`, `vardatatype`, `lovname`) VALUES ('treasury.facts.BillItem.interest', 'treasury.facts.BillItem', 'interest', 'Interest', 'decimal', '11', 'decimal', NULL, NULL, NULL, NULL, NULL, NULL, 'decimal', NULL);
INSERT IGNORE INTO `sys_rule_fact_field` (`objid`, `parentid`, `name`, `title`, `datatype`, `sortorder`, `handler`, `lookuphandler`, `lookupkey`, `lookupvalue`, `lookupdatatype`, `multivalued`, `required`, `vardatatype`, `lovname`) VALUES ('treasury.facts.BillItem.month', 'treasury.facts.BillItem', 'month', 'Month', 'integer', '13', 'integer', NULL, NULL, NULL, NULL, NULL, NULL, 'integer', NULL);
INSERT IGNORE INTO `sys_rule_fact_field` (`objid`, `parentid`, `name`, `title`, `datatype`, `sortorder`, `handler`, `lookuphandler`, `lookupkey`, `lookupvalue`, `lookupdatatype`, `multivalued`, `required`, `vardatatype`, `lovname`) VALUES ('treasury.facts.BillItem.org', 'treasury.facts.BillItem', 'org', 'Org', 'string', '10', 'var', NULL, NULL, NULL, NULL, NULL, NULL, 'enterprise.facts.Org', NULL);
INSERT IGNORE INTO `sys_rule_fact_field` (`objid`, `parentid`, `name`, `title`, `datatype`, `sortorder`, `handler`, `lookuphandler`, `lookupkey`, `lookupvalue`, `lookupdatatype`, `multivalued`, `required`, `vardatatype`, `lovname`) VALUES ('treasury.facts.BillItem.parentaccount', 'treasury.facts.BillItem', 'parentaccount', 'Parent Account', 'string', '9', 'lookup', 'revenueitem:lookup', 'objid', 'title', NULL, NULL, NULL, 'object', NULL);
INSERT IGNORE INTO `sys_rule_fact_field` (`objid`, `parentid`, `name`, `title`, `datatype`, `sortorder`, `handler`, `lookuphandler`, `lookupkey`, `lookupvalue`, `lookupdatatype`, `multivalued`, `required`, `vardatatype`, `lovname`) VALUES ('treasury.facts.BillItem.paypriority', 'treasury.facts.BillItem', 'paypriority', 'Pay Priority', 'integer', '18', 'integer', NULL, NULL, NULL, NULL, NULL, NULL, 'integer', NULL);
INSERT IGNORE INTO `sys_rule_fact_field` (`objid`, `parentid`, `name`, `title`, `datatype`, `sortorder`, `handler`, `lookuphandler`, `lookupkey`, `lookupvalue`, `lookupdatatype`, `multivalued`, `required`, `vardatatype`, `lovname`) VALUES ('treasury.facts.BillItem.refid', 'treasury.facts.BillItem', 'refid', 'Ref ID', 'string', '16', 'var', NULL, NULL, NULL, NULL, NULL, NULL, 'string', NULL);
INSERT IGNORE INTO `sys_rule_fact_field` (`objid`, `parentid`, `name`, `title`, `datatype`, `sortorder`, `handler`, `lookuphandler`, `lookupkey`, `lookupvalue`, `lookupdatatype`, `multivalued`, `required`, `vardatatype`, `lovname`) VALUES ('treasury.facts.BillItem.remarks', 'treasury.facts.BillItem', 'remarks', 'Remarks', 'string', '17', 'string', NULL, NULL, NULL, NULL, NULL, NULL, 'string', NULL);
INSERT IGNORE INTO `sys_rule_fact_field` (`objid`, `parentid`, `name`, `title`, `datatype`, `sortorder`, `handler`, `lookuphandler`, `lookupkey`, `lookupvalue`, `lookupdatatype`, `multivalued`, `required`, `vardatatype`, `lovname`) VALUES ('treasury.facts.BillItem.sortorder', 'treasury.facts.BillItem', 'sortorder', 'Sort Order', 'integer', '19', 'integer', NULL, NULL, NULL, NULL, NULL, NULL, 'integer', NULL);
INSERT IGNORE INTO `sys_rule_fact_field` (`objid`, `parentid`, `name`, `title`, `datatype`, `sortorder`, `handler`, `lookuphandler`, `lookupkey`, `lookupvalue`, `lookupdatatype`, `multivalued`, `required`, `vardatatype`, `lovname`) VALUES ('treasury.facts.BillItem.surcharge', 'treasury.facts.BillItem', 'surcharge', 'Surcharge', 'decimal', '5', 'decimal', NULL, NULL, NULL, NULL, NULL, NULL, 'decimal', NULL);
INSERT IGNORE INTO `sys_rule_fact_field` (`objid`, `parentid`, `name`, `title`, `datatype`, `sortorder`, `handler`, `lookuphandler`, `lookupkey`, `lookupvalue`, `lookupdatatype`, `multivalued`, `required`, `vardatatype`, `lovname`) VALUES ('treasury.facts.BillItem.tag', 'treasury.facts.BillItem', 'tag', 'Tag', 'string', '20', 'string', NULL, NULL, NULL, NULL, NULL, NULL, 'string', NULL);
INSERT IGNORE INTO `sys_rule_fact_field` (`objid`, `parentid`, `name`, `title`, `datatype`, `sortorder`, `handler`, `lookuphandler`, `lookupkey`, `lookupvalue`, `lookupdatatype`, `multivalued`, `required`, `vardatatype`, `lovname`) VALUES ('treasury.facts.BillItem.todate', 'treasury.facts.BillItem', 'todate', 'To Date', 'date', '15', 'date', NULL, NULL, NULL, NULL, NULL, NULL, 'date', NULL);
INSERT IGNORE INTO `sys_rule_fact_field` (`objid`, `parentid`, `name`, `title`, `datatype`, `sortorder`, `handler`, `lookuphandler`, `lookupkey`, `lookupvalue`, `lookupdatatype`, `multivalued`, `required`, `vardatatype`, `lovname`) VALUES ('treasury.facts.BillItem.txntype', 'treasury.facts.BillItem', 'txntype', 'Txn Type', 'string', '6', 'lookup', 'billitem_txntype:lookup', 'objid', 'title', NULL, NULL, NULL, 'string', NULL);
INSERT IGNORE INTO `sys_rule_fact_field` (`objid`, `parentid`, `name`, `title`, `datatype`, `sortorder`, `handler`, `lookuphandler`, `lookupkey`, `lookupvalue`, `lookupdatatype`, `multivalued`, `required`, `vardatatype`, `lovname`) VALUES ('treasury.facts.BillItem.year', 'treasury.facts.BillItem', 'year', 'Year', 'integer', '12', 'integer', NULL, NULL, NULL, NULL, NULL, NULL, 'integer', NULL);
INSERT IGNORE INTO `sys_rule_fact_field` (`objid`, `parentid`, `name`, `title`, `datatype`, `sortorder`, `handler`, `lookuphandler`, `lookupkey`, `lookupvalue`, `lookupdatatype`, `multivalued`, `required`, `vardatatype`, `lovname`) VALUES ('treasury.facts.CollectionGroup.objid', 'treasury.facts.CollectionGroup', 'objid', 'Name', 'string', '1', 'lookup', 'collectiongroup:lookup', 'objid', 'name', NULL, NULL, NULL, 'string', NULL);
INSERT IGNORE INTO `sys_rule_fact_field` (`objid`, `parentid`, `name`, `title`, `datatype`, `sortorder`, `handler`, `lookuphandler`, `lookupkey`, `lookupvalue`, `lookupdatatype`, `multivalued`, `required`, `vardatatype`, `lovname`) VALUES ('treasury.facts.RevenueShare.amount', 'treasury.facts.RevenueShare', 'amount', 'Amount', 'decimal', '3', 'decimal', NULL, NULL, NULL, NULL, NULL, NULL, 'decimal', NULL);
INSERT IGNORE INTO `sys_rule_fact_field` (`objid`, `parentid`, `name`, `title`, `datatype`, `sortorder`, `handler`, `lookuphandler`, `lookupkey`, `lookupvalue`, `lookupdatatype`, `multivalued`, `required`, `vardatatype`, `lovname`) VALUES ('treasury.facts.RevenueShare.payableaccount', 'treasury.facts.RevenueShare', 'payableaccount', 'Payable Account', 'string', '2', 'lookup', 'revenueitem:lookup', 'objid', 'title', NULL, NULL, NULL, 'string', NULL);
INSERT IGNORE INTO `sys_rule_fact_field` (`objid`, `parentid`, `name`, `title`, `datatype`, `sortorder`, `handler`, `lookuphandler`, `lookupkey`, `lookupvalue`, `lookupdatatype`, `multivalued`, `required`, `vardatatype`, `lovname`) VALUES ('treasury.facts.RevenueShare.refaccount', 'treasury.facts.RevenueShare', 'refaccount', 'Reference Account', 'string', '1', 'lookup', 'revenueitem:lookup', 'objid', 'title', NULL, NULL, NULL, 'string', NULL);

INSERT IGNORE INTO `sys_rule_actiondef` (`objid`, `name`, `title`, `sortorder`, `actionname`, `domain`, `actionclass`) VALUES ('treasury.actions.AddRevenueShare', 'add-share', 'Add Revenue Share', '1', 'add-share', 'TREASURY', 'treasury.actions.AddRevenueShare');

INSERT IGNORE INTO `sys_rule_actiondef_param` (`objid`, `parentid`, `name`, `sortorder`, `title`, `datatype`, `handler`, `lookuphandler`, `lookupkey`, `lookupvalue`, `vardatatype`, `lovname`) VALUES ('treasury.actions.AddRevenueShareByOrg.amount', 'treasury.actions.AddRevenueShare', 'amount', '4', 'Amount', NULL, 'expression', NULL, NULL, NULL, NULL, NULL);
INSERT IGNORE INTO `sys_rule_actiondef_param` (`objid`, `parentid`, `name`, `sortorder`, `title`, `datatype`, `handler`, `lookuphandler`, `lookupkey`, `lookupvalue`, `vardatatype`, `lovname`) VALUES ('treasury.actions.AddRevenueShareByOrg.org', 'treasury.actions.AddRevenueShare', 'org', '3', 'Org', NULL, 'var', NULL, NULL, NULL, 'enterprise.facts.Org', NULL);
INSERT IGNORE INTO `sys_rule_actiondef_param` (`objid`, `parentid`, `name`, `sortorder`, `title`, `datatype`, `handler`, `lookuphandler`, `lookupkey`, `lookupvalue`, `vardatatype`, `lovname`) VALUES ('treasury.actions.AddRevenueShareByOrg.payableaccount', 'treasury.actions.AddRevenueShare', 'payableaccount', '2', 'Payable Account', NULL, 'lookup', 'payableaccount:lookup', 'objid', 'title', 'string', NULL);
INSERT IGNORE INTO `sys_rule_actiondef_param` (`objid`, `parentid`, `name`, `sortorder`, `title`, `datatype`, `handler`, `lookuphandler`, `lookupkey`, `lookupvalue`, `vardatatype`, `lovname`) VALUES ('treasury.actions.AddRevenueShareByOrg.refitem', 'treasury.actions.AddRevenueShare', 'refitem', '1', 'Ref Item', NULL, 'var', 'revenueitem:lookup', 'objid', 'title', 'treasury.facts.AbstractBillItem', NULL);

INSERT IGNORE INTO `sys_ruleset_fact` (`ruleset`, `rulefact`) VALUES ('revenuesharing', 'com.rameses.rules.common.CurrentDate');
INSERT IGNORE INTO `sys_ruleset_fact` (`ruleset`, `rulefact`) VALUES ('revenuesharing', 'enterprise.facts.DateInfo');
INSERT IGNORE INTO `sys_ruleset_fact` (`ruleset`, `rulefact`) VALUES ('revenuesharing', 'enterprise.facts.Org');
INSERT IGNORE INTO `sys_ruleset_fact` (`ruleset`, `rulefact`) VALUES ('revenuesharing', 'treasury.facts.BillItem');
INSERT IGNORE INTO `sys_ruleset_fact` (`ruleset`, `rulefact`) VALUES ('revenuesharing', 'treasury.facts.CollectionGroup');
INSERT IGNORE INTO `sys_ruleset_fact` (`ruleset`, `rulefact`) VALUES ('revenuesharing', 'treasury.facts.RevenueShare');

INSERT IGNORE INTO `sys_ruleset_actiondef` (`ruleset`, `actiondef`) VALUES ('revenuesharing', 'treasury.actions.AddRevenueShare');


INSERT INTO `province` (`objid`, `state`, `indexno`, `pin`, `name`, `governor_title`, `governor_office`, `assessor_title`, `assessor_office`, `treasurer_title`, `treasurer_office`, `fullname`) 
VALUES ('047', 'DRAFT', '047', '047', 'BOHOL', 'GOVERNOR', 'OFFICE OF THE GOVERNOR', 'PROVINCIAL ASSESSOR', 'OFFICE OF THE PROVINCIAL ASSESSOR', 'PROVINCIAL TREASURER', 'OFFICE OF THE PROVINCIAL TREASURER', 'PROVINCE OF BOHOL');
